/*
 Navicat Premium Data Transfer

 Source Server         : mysql
 Source Server Type    : MySQL
 Source Server Version : 80011
 Source Host           : localhost:3306
 Source Schema         : siseoj_test

 Target Server Type    : MySQL
 Target Server Version : 80011
 File Encoding         : 65001

 Date: 28/03/2021 16:56:25
*/

SET NAMES utf8mb4;
SET FOREIGN_KEY_CHECKS = 0;

-- ----------------------------
-- Table structure for ct_contest
-- ----------------------------
DROP TABLE IF EXISTS `ct_contest`;
CREATE TABLE `ct_contest`  (
  `id` bigint(20) UNSIGNED NOT NULL AUTO_INCREMENT COMMENT '比赛表主键',
  `uid` bigint(20) UNSIGNED NOT NULL COMMENT '比赛创建者id',
  `author` varchar(100) CHARACTER SET utf8 COLLATE utf8_general_ci NULL DEFAULT NULL COMMENT '比赛创建者的用户名',
  `title` varchar(255) CHARACTER SET utf8 COLLATE utf8_general_ci NULL DEFAULT NULL COMMENT '比赛标题',
  `type` int(11) NOT NULL DEFAULT 0 COMMENT '比赛类型：0普通比赛，1rating比赛',
  `description` longtext CHARACTER SET utf8 COLLATE utf8_general_ci NULL COMMENT '比赛说明',
  `source` bigint(20) NULL DEFAULT 0 COMMENT '比赛来源，原创为0，克隆赛为比赛id',
  `auth` int(11) NOT NULL COMMENT '0为公开赛，1为私有赛（访问有密）',
  `password` varchar(100) CHARACTER SET utf8 COLLATE utf8_general_ci NULL DEFAULT NULL COMMENT '比赛密码',
  `start_time` datetime(0) NULL DEFAULT NULL COMMENT '开始时间',
  `end_time` datetime(0) NULL DEFAULT NULL COMMENT '结束时间',
  `duration` int(11) NULL DEFAULT NULL COMMENT '比赛时长(s)',
  `seal_rank` bit(1) NULL DEFAULT b'0' COMMENT '是否开启封榜',
  `seal_rank_time` datetime(0) NULL DEFAULT NULL COMMENT '封榜起始时间，一直到比赛结束，不刷新榜单',
  `status` int(11) NULL DEFAULT NULL COMMENT '比赛状态：-1未开始，0进行中，1已结束',
  `create_time` datetime(0) NULL DEFAULT NULL COMMENT '创建时间',
  `modify_time` datetime(0) NULL DEFAULT NULL COMMENT '修改时间',
  PRIMARY KEY (`id`) USING BTREE,
  INDEX `uid`(`uid`) USING BTREE
) ENGINE = InnoDB AUTO_INCREMENT = 3 CHARACTER SET = utf8 COLLATE = utf8_general_ci ROW_FORMAT = Dynamic;

-- ----------------------------
-- Records of ct_contest
-- ----------------------------
INSERT INTO `ct_contest` VALUES (1, 1, 'root', '测试创建比赛', 0, '测试创建比赛2222', 0, 0, '', '2021-03-19 22:00:00', '2021-03-20 00:00:00', 7200, b'0', '2021-03-16 15:00:00', -1, '2021-03-19 14:43:24', '2021-03-19 12:03:51');
INSERT INTO `ct_contest` VALUES (2, 1, 'root', '练习赛1', 0, '用于练习基础题目', 0, 0, NULL, '2021-03-24 13:50:00', '2021-03-27 00:00:00', 209400, b'0', NULL, -1, '2021-03-17 11:08:29', '2021-03-24 13:48:25');

-- ----------------------------
-- Table structure for ct_contest_problem
-- ----------------------------
DROP TABLE IF EXISTS `ct_contest_problem`;
CREATE TABLE `ct_contest_problem`  (
  `id` bigint(20) UNSIGNED NOT NULL AUTO_INCREMENT COMMENT '主键',
  `display_id` int(11) NULL DEFAULT NULL COMMENT '该题目在比赛中显示的id',
  `cid` bigint(20) NULL DEFAULT NULL COMMENT '比赛主键',
  `pid` bigint(20) NULL DEFAULT NULL COMMENT '题目主键',
  `display_title` varchar(255) CHARACTER SET utf8 COLLATE utf8_general_ci NULL DEFAULT NULL COMMENT '该题目在比赛中的标题',
  `score` int(11) NULL DEFAULT 0 COMMENT '题目得分',
  `create_time` datetime(0) NULL DEFAULT NULL COMMENT '创建时间',
  `modify_time` datetime(0) NULL DEFAULT NULL COMMENT '修改时间',
  PRIMARY KEY (`id`) USING BTREE
) ENGINE = InnoDB AUTO_INCREMENT = 10 CHARACTER SET = utf8 COLLATE = utf8_general_ci ROW_FORMAT = Dynamic;

-- ----------------------------
-- Records of ct_contest_problem
-- ----------------------------
INSERT INTO `ct_contest_problem` VALUES (4, 1, 1, 2, '题目2', 0, '2021-03-17 09:26:59', '2021-03-17 09:33:53');
INSERT INTO `ct_contest_problem` VALUES (5, 2, 1, 3, '题目3', 0, '2021-03-17 09:26:59', '2021-03-17 09:33:53');
INSERT INTO `ct_contest_problem` VALUES (6, 0, 1, 1, '题目1', 0, '2021-03-17 09:27:43', '2021-03-17 09:33:53');
INSERT INTO `ct_contest_problem` VALUES (7, 3, 1, 4, '题目4', 0, '2021-03-17 09:33:27', '2021-03-17 09:33:27');
INSERT INTO `ct_contest_problem` VALUES (8, 0, 2, 1, '题目1', 0, '2021-03-17 11:09:08', '2021-03-17 11:09:08');
INSERT INTO `ct_contest_problem` VALUES (9, 1, 2, 2, '题目2', 0, '2021-03-17 11:09:08', '2021-03-17 11:09:08');

-- ----------------------------
-- Table structure for ct_contest_record
-- ----------------------------
DROP TABLE IF EXISTS `ct_contest_record`;
CREATE TABLE `ct_contest_record`  (
  `id` bigint(20) UNSIGNED NOT NULL AUTO_INCREMENT COMMENT '主键',
  `judge_id` bigint(20) UNSIGNED NOT NULL COMMENT '提交id，用于可重判',
  `cid` bigint(20) UNSIGNED NULL DEFAULT NULL COMMENT '比赛id',
  `uid` bigint(20) NOT NULL COMMENT '用户id',
  `pid` bigint(20) UNSIGNED NULL DEFAULT NULL COMMENT '题目id',
  `contest_pid` bigint(20) UNSIGNED NULL DEFAULT NULL COMMENT '比赛中的题目的id',
  `username` varchar(255) CHARACTER SET utf8 COLLATE utf8_general_ci NULL DEFAULT NULL COMMENT '用户名',
  `display_id` int(11) NULL DEFAULT NULL COMMENT '比赛中展示的id',
  `status` int(11) NULL DEFAULT NULL COMMENT '提交结果，0表示未AC通过不罚时，1表示AC通过，-1为未AC通过算罚时',
  `submit_time` datetime(0) NOT NULL COMMENT '具体提交时间',
  `time` bigint(20) UNSIGNED NULL DEFAULT NULL COMMENT '提交时间，为提交时间减去比赛时间',
  `score` int(11) NULL DEFAULT NULL COMMENT 'rating比赛的得分',
  `first_blood` bit(1) NULL DEFAULT b'0' COMMENT '是否为一血AC',
  `checked` bit(1) NULL DEFAULT b'0' COMMENT 'AC是否已校验',
  `create_time` datetime(0) NULL DEFAULT CURRENT_TIMESTAMP,
  `modify_time` datetime(0) NULL DEFAULT CURRENT_TIMESTAMP,
  PRIMARY KEY (`id`, `judge_id`) USING BTREE,
  INDEX `uid`(`uid`) USING BTREE,
  INDEX `pid`(`pid`) USING BTREE,
  INDEX `contest_pid`(`contest_pid`) USING BTREE,
  INDEX `judge_id`(`judge_id`) USING BTREE,
  INDEX `index_cid`(`cid`) USING BTREE,
  INDEX `index_time`(`time`) USING BTREE
) ENGINE = InnoDB AUTO_INCREMENT = 16 CHARACTER SET = utf8 COLLATE = utf8_general_ci ROW_FORMAT = Dynamic;

-- ----------------------------
-- Records of ct_contest_record
-- ----------------------------
INSERT INTO `ct_contest_record` VALUES (10, 36, 2, 4, 1, 8, 'test1', 0, -1, '2021-03-24 21:04:24', 26064, 0, b'1', b'0', '2021-03-24 21:04:24', '2021-03-24 21:04:24');
INSERT INTO `ct_contest_record` VALUES (11, 37, 2, 5, 1, 8, 'test2', 0, -1, '2021-03-24 21:12:51', 26570, 0, b'1', b'0', '2021-03-24 21:12:51', '2021-03-24 21:12:51');
INSERT INTO `ct_contest_record` VALUES (12, 38, 2, 5, 1, 8, 'test2', 0, -1, '2021-03-24 21:14:08', 26647, 0, b'1', b'0', '2021-03-24 21:14:08', '2021-03-24 21:14:08');
INSERT INTO `ct_contest_record` VALUES (13, 39, 2, 5, 1, 8, 'test2', 0, -1, '2021-03-24 21:15:10', 26709, 0, b'1', b'0', '2021-03-24 21:15:10', '2021-03-24 21:15:10');
INSERT INTO `ct_contest_record` VALUES (14, 40, 2, 5, 1, 8, 'test2', 0, 1, '2021-03-24 22:53:05', 32584, 0, b'1', b'0', '2021-03-24 22:53:05', '2021-03-24 22:53:05');
INSERT INTO `ct_contest_record` VALUES (15, 41, 2, 5, 2, 9, 'test2', 1, 1, '2021-03-24 23:08:34', 33514, 0, b'1', b'0', '2021-03-24 23:08:35', '2021-03-24 23:08:35');

-- ----------------------------
-- Table structure for ct_contest_register
-- ----------------------------
DROP TABLE IF EXISTS `ct_contest_register`;
CREATE TABLE `ct_contest_register`  (
  `id` bigint(20) UNSIGNED NOT NULL AUTO_INCREMENT COMMENT '主键',
  `cid` bigint(20) UNSIGNED NULL DEFAULT NULL COMMENT '比赛id',
  `uid` bigint(20) UNSIGNED NULL DEFAULT NULL COMMENT '用户id',
  `status` int(11) NULL DEFAULT 0 COMMENT '注册状态：0正常， 1失效',
  `create_time` datetime(0) NULL DEFAULT NULL COMMENT '创建时间',
  `modify_time` datetime(0) NULL DEFAULT NULL COMMENT '修改时间',
  PRIMARY KEY (`id`) USING BTREE
) ENGINE = InnoDB CHARACTER SET = utf8 COLLATE = utf8_general_ci ROW_FORMAT = Dynamic;

-- ----------------------------
-- Table structure for discuss
-- ----------------------------
DROP TABLE IF EXISTS `discuss`;
CREATE TABLE `discuss`  (
  `id` bigint(20) UNSIGNED NOT NULL AUTO_INCREMENT COMMENT '帖子主键',
  `uid` bigint(20) NOT NULL COMMENT '用户表外键',
  `title` varchar(255) CHARACTER SET utf8 COLLATE utf8_general_ci NOT NULL COMMENT '标题',
  `description` varchar(255) CHARACTER SET utf8 COLLATE utf8_general_ci NULL DEFAULT NULL COMMENT '描述',
  `content` longtext CHARACTER SET utf8 COLLATE utf8_general_ci NOT NULL COMMENT '帖子内容',
  `views` int(11) UNSIGNED NULL DEFAULT 0 COMMENT '浏览数',
  `likes` int(11) UNSIGNED NULL DEFAULT 0 COMMENT '点赞数',
  `enable` bit(1) NULL DEFAULT b'1' COMMENT '是否禁用：默认1，禁用0',
  `priority` int(11) NULL DEFAULT 0 COMMENT '优先级：默认为0',
  `create_time` datetime(0) NULL DEFAULT NULL COMMENT '创建时间',
  `modify_time` datetime(0) NULL DEFAULT NULL COMMENT '更新时间',
  PRIMARY KEY (`id`) USING BTREE
) ENGINE = InnoDB AUTO_INCREMENT = 3 CHARACTER SET = utf8 COLLATE = utf8_general_ci ROW_FORMAT = Dynamic;

-- ----------------------------
-- Records of discuss
-- ----------------------------
INSERT INTO `discuss` VALUES (1, 1, '测试查询帖子', '无描述', '阿八八八八八', 21, 2, b'1', 0, '2021-03-11 16:54:52', '2021-03-11 16:54:54');
INSERT INTO `discuss` VALUES (2, 1, '新用户必读', '新用户必读', '**新用户必读**\n\n欢迎来到牛牛编程，这是一个包容的算法编程社区，希望你能快速融入我们。在此希望你能先抽空用几分钟时间快速读下我们准备的指引，以便你能快速融入我们的社区与顺畅的使用洛谷的各项功能。\n\n本文由萌新指引与功能快速指引组成。\n\n**萌新指引**\n\nPart 1 当你回帖时\n\nPart 2 当你发帖时\n\nPart 3 关于题解\n\nPart 4 其他的东西\n\n**功能快速指引**\n\n如何完成题目？', 7, 0, b'1', 0, '2021-03-28 10:57:00', '2021-03-28 10:57:00');

-- ----------------------------
-- Table structure for oj_judge
-- ----------------------------
DROP TABLE IF EXISTS `oj_judge`;
CREATE TABLE `oj_judge`  (
  `id` bigint(20) NOT NULL AUTO_INCREMENT COMMENT '评测表主键',
  `pid` bigint(20) UNSIGNED NOT NULL COMMENT '题目表外键',
  `cid` bigint(20) UNSIGNED NOT NULL DEFAULT 0 COMMENT '比赛表外键',
  `uid` bigint(20) UNSIGNED NOT NULL COMMENT '用户表外键',
  `contest_pid` bigint(20) NULL DEFAULT 0 COMMENT '比赛题目外键，不是比赛提交默认为0',
  `username` varchar(16) CHARACTER SET utf8 COLLATE utf8_general_ci NOT NULL COMMENT '用户名',
  `status` tinyint(4) NULL DEFAULT NULL COMMENT '评测结果码',
  `error_message` longtext CHARACTER SET utf8 COLLATE utf8_general_ci NULL COMMENT '错误信息',
  `language` tinyint(4) NOT NULL COMMENT '代码语言，1：C/C++，2：Java',
  `code` text CHARACTER SET utf8 COLLATE utf8_general_ci NOT NULL COMMENT '提交的代码',
  `score` int(11) NULL DEFAULT 0 COMMENT '得分',
  `time` int(11) NULL DEFAULT NULL COMMENT '运行时间（ms）',
  `memory` int(11) NULL DEFAULT NULL COMMENT '运行内存（MB）',
  `submit_time` datetime(0) NULL DEFAULT NULL COMMENT '提交时间',
  `code_length` int(11) NULL DEFAULT NULL COMMENT '代码长度',
  `share` bit(1) NULL DEFAULT NULL COMMENT '0：仅自己可见，1：所有人可见',
  `create_time` datetime(0) NULL DEFAULT NULL,
  `modify_time` datetime(0) NULL DEFAULT NULL,
  PRIMARY KEY (`id`, `pid`, `cid`, `uid`) USING BTREE,
  INDEX `pid`(`pid`) USING BTREE,
  INDEX `uid`(`uid`) USING BTREE,
  INDEX `username`(`username`) USING BTREE,
  INDEX `cid`(`cid`) USING BTREE
) ENGINE = InnoDB AUTO_INCREMENT = 45 CHARACTER SET = utf8 COLLATE = utf8_general_ci ROW_FORMAT = Dynamic;

-- ----------------------------
-- Records of oj_judge
-- ----------------------------
INSERT INTO `oj_judge` VALUES (1, 1, 0, 1, 0, 'root', 11, NULL, 1, '#include <iostream>\r\nusing namespace std;\r\nint main() {\r\n    int a,b;\r\n    cin >> a >> b;\r\n    cout << a+b << endl;\r\n    return 0;\r\n    }', 0, 3, 5320, '2021-02-06 12:57:11', 137, b'1', '2021-03-09 14:17:15', '2021-03-09 14:17:17');
INSERT INTO `oj_judge` VALUES (4, 2, 0, 1, 0, 'root', 2, NULL, 1, '#include <iostream>\r\nusing namespace std;\r\n\r\nint main() {\r\n    int a, b;\r\n    cin >> a >> b;\r\n    cout << a + b << endl;\r\n    return 0;\r\n}', 0, 0, 5896, '2021-03-09 18:20:26', 138, b'1', '2021-03-09 18:20:27', '2021-03-09 18:20:27');
INSERT INTO `oj_judge` VALUES (5, 2, 0, 1, 0, 'root', 2, NULL, 1, '#include <iostream>\r\nusing namespace std;\r\n\r\nint main() {\r\n    int a, b;\r\n    cin >> a >> b;\r\n    cout << a + b << endl;\r\n    return 0;\r\n}', 0, 0, 5896, '2021-03-09 18:20:26', 138, b'1', '2021-03-09 18:20:27', '2021-03-09 18:20:27');
INSERT INTO `oj_judge` VALUES (6, 2, 0, 1, 0, 'root', 2, NULL, 1, '#include <iostream>\r\nusing namespace std;\r\n\r\nint main() {\r\n    int a, b;\r\n    cin >> a >> b;\r\n    cout << a + b << endl;\r\n    return 0;\r\n}', 0, 0, 5896, '2021-03-09 19:48:29', 138, b'1', '2021-03-09 19:48:29', '2021-03-09 19:48:29');
INSERT INTO `oj_judge` VALUES (7, 2, 0, 1, 0, 'root', 2, NULL, 1, '#include <iostream>\r\nusing namespace std;\r\n\r\nint main() {\r\n    int a, b;\r\n    cin >> a >> b;\r\n    cout << a + b << endl;\r\n    return 0;\r\n}', 0, 0, 5896, '2021-03-09 19:48:29', 138, b'1', '2021-03-09 19:48:30', '2021-03-09 19:48:30');
INSERT INTO `oj_judge` VALUES (8, 2, 0, 1, 0, 'root', 2, NULL, 1, '#include <iostream>\r\nusing namespace std;\r\n\r\nint main() {\r\n    int a, b;\r\n    cin >> a >> b;\r\n    cout << a + b << endl;\r\n    return 0;\r\n}', 0, 0, 5896, '2021-03-09 19:50:08', 138, b'1', '2021-03-09 19:50:08', '2021-03-09 19:50:08');
INSERT INTO `oj_judge` VALUES (9, 2, 0, 1, 0, 'root', 2, NULL, 1, '#include <iostream>\r\nusing namespace std;\r\n\r\nint main() {\r\n    int a, b;\r\n    cin >> a >> b;\r\n    cout << a + b << endl;\r\n    return 0;\r\n}', 0, 0, 5896, '2021-03-09 19:50:08', 138, b'1', '2021-03-09 19:50:08', '2021-03-09 19:50:08');
INSERT INTO `oj_judge` VALUES (10, 2, 0, 1, 0, 'root', 2, NULL, 1, '#include <iostream>\r\nusing namespace std;\r\n\r\nint main() {\r\n    int a, b;\r\n    cin >> a >> b;\r\n    cout << a + b << endl;\r\n    return 0;\r\n}', 0, 0, 5896, '2021-03-09 20:01:20', 138, b'1', '2021-03-09 20:01:20', '2021-03-09 20:01:20');
INSERT INTO `oj_judge` VALUES (11, 2, 0, 1, 0, 'root', 2, NULL, 1, '#include <iostream>\r\nusing namespace std;\r\n\r\nint main() {\r\n    int a, b;\r\n    cin >> a >> b;\r\n    cout << a + b << endl;\r\n    return 0;\r\n}', 0, 0, 5896, '2021-03-09 20:01:20', 138, b'1', '2021-03-09 20:01:20', '2021-03-09 20:01:22');
INSERT INTO `oj_judge` VALUES (12, 2, 0, 1, 0, 'root', 2, NULL, 1, '#include <iostream>\r\nusing namespace std;\r\n\r\nint main() {\r\n    int a, b;\r\n    cin >> a >> b;\r\n    cout << a + b << endl;\r\n    return 0;\r\n}', 0, 0, 5896, '2021-03-09 20:05:13', 138, b'1', '2021-03-09 20:05:13', '2021-03-09 20:05:15');
INSERT INTO `oj_judge` VALUES (13, 2, 0, 1, 0, 'root', 1, NULL, 1, '#include <iostream>\r\nusing namespace std;\r\n\r\nint main() {\r\n    int a, b;\r\n    cin >> a >> b;\r\n    cout << a + b << endl;\r\n    return 0;\r\n}', 0, 0, 5896, '2021-03-09 20:06:01', 138, b'1', '2021-03-09 20:06:01', '2021-03-09 20:06:04');
INSERT INTO `oj_judge` VALUES (14, 2, 0, 1, 0, 'root', 1, NULL, 1, '#include <iostream>\r\nusing namespace std;\r\n\r\nint main() {\r\n    int a, b;\r\n    cin >> a >> b;\r\n    cout << a + b << endl;\r\n    return 0;\r\n}', 0, 0, 5896, '2021-03-09 20:24:47', 138, b'1', '2021-03-09 20:24:47', '2021-03-09 20:24:49');
INSERT INTO `oj_judge` VALUES (15, 2, 0, 2, 0, 'admin1', 1, NULL, 1, '#include <iostream>\r\nusing namespace std;\r\n\r\nint main() {\r\n    int a, b;\r\n    cin >> a >> b;\r\n    cout << a + b << endl;\r\n    return 0;\r\n}', 0, 0, 5896, '2021-03-10 03:28:51', 138, b'1', '2021-03-10 03:28:51', '2021-03-10 03:28:54');
INSERT INTO `oj_judge` VALUES (16, 2, 0, 2, 0, 'admin1', 1, NULL, 1, '#include <iostream>\r\nusing namespace std;\r\n\r\nint main() {\r\n    int a, b;\r\n    cin >> a >> b;\r\n    cout << a + b << endl;\r\n    return 0;\r\n}', 0, 0, 5896, '2021-03-10 03:30:38', 138, b'1', '2021-03-10 03:30:38', '2021-03-10 03:30:41');
INSERT INTO `oj_judge` VALUES (17, 1, 0, 1, 0, 'root', 1, NULL, 1, '#include <iostream>\nusing namespace std;\n\nint main() {\n    cout << \"Hello World\" << endl;\n    return 0;\n}', 0, 0, 5892, '2021-03-15 14:35:31', 105, b'1', '2021-03-15 14:35:31', '2021-03-15 14:35:34');
INSERT INTO `oj_judge` VALUES (18, 1, 0, 1, 0, 'root', 1, NULL, 1, '#include <iostream>\nusing namespace std;\n\nint main() {\n    cout << \"Hello World\" << endl;\n    return 0;\n}', 0, 0, 5892, '2021-03-15 14:37:54', 105, b'1', '2021-03-15 14:37:54', '2021-03-15 14:37:57');
INSERT INTO `oj_judge` VALUES (19, 2, 0, 1, 0, 'root', 3, '/data/judge/main.cpp: In function \'int main()\':\n/data/judge/main.cpp:5:12: error: \'a\' was not declared in this scope\n     cin >> a >> b;\n            ^\n/data/judge/main.cpp:5:17: error: \'b\' was not declared in this scope\n     cin >> a >> b;\n                 ^\n', 1, '#include <iostream>\nusing namespace std;\n\nint main() {\n    cin >> a >> b;\n    cout << a + b << endl;\n    return 0;\n}', 0, NULL, NULL, '2021-03-15 14:41:27', 116, b'1', '2021-03-15 14:41:27', '2021-03-15 14:41:29');
INSERT INTO `oj_judge` VALUES (20, 2, 0, 1, 0, 'root', 1, NULL, 1, '#include <iostream>\nusing namespace std;\n\nint main() {\n    int a, b;\n    cin >> a >> b;\n    cout << a + b << endl;\n    return 0;\n}', 0, 0, 5896, '2021-03-15 14:43:13', 130, b'1', '2021-03-15 14:43:13', '2021-03-15 14:43:15');
INSERT INTO `oj_judge` VALUES (21, 2, 0, 1, 0, 'root', 3, '/data/judge/main.cpp: In function \'int main()\':\n/data/judge/main.cpp:5:12: error: \'a\' was not declared in this scope\n     cin >> a >> b;\n            ^\n/data/judge/main.cpp:5:17: error: \'b\' was not declared in this scope\n     cin >> a >> b;\n                 ^\n', 1, '#include <iostream>\nusing namespace std;\n\nint main() {\n    cin >> a >> b;\n    cout << a + b << endl;\n    return 0;\n}', 0, NULL, NULL, '2021-03-15 14:45:01', 116, b'1', '2021-03-15 14:45:01', '2021-03-15 14:45:03');
INSERT INTO `oj_judge` VALUES (22, 2, 0, 1, 0, 'root', 3, '/data/judge/main.cpp:1:1: error: \'aaaa\' does not name a type\n aaaa\n ^\n', 1, 'aaaa', 0, NULL, NULL, '2021-03-15 15:30:24', 4, b'1', '2021-03-15 15:30:25', '2021-03-15 15:30:26');
INSERT INTO `oj_judge` VALUES (23, 1, 0, 1, 0, 'root', 3, '/data/judge/main.cpp:1:1: error: \'aaaaa\' does not name a type\n aaaaa\n ^\n', 1, 'aaaaa', 0, NULL, NULL, '2021-03-15 17:35:18', 5, b'1', '2021-03-15 17:35:18', '2021-03-15 17:35:20');
INSERT INTO `oj_judge` VALUES (24, 1, 0, 1, 0, 'root', 3, '/data/judge/main.cpp:1:1: error: \'s\' does not name a type\n s s s s s \n ^\n', 1, 's s s s s ', 0, NULL, NULL, '2021-03-15 17:39:18', 10, b'1', '2021-03-15 17:39:18', '2021-03-15 17:39:20');
INSERT INTO `oj_judge` VALUES (25, 1, 0, 1, 0, 'root', 1, NULL, 1, '#include <iostream>\nusing namespace std;\n\nint main() {\n    cout << \"Hello World\" << endl;\n}', 0, 0, 5892, '2021-03-20 15:27:28', 91, b'1', '2021-03-20 15:27:28', '2021-03-20 15:27:31');
INSERT INTO `oj_judge` VALUES (26, 1, 0, 1, 0, 'root', 1, NULL, 1, '#include <iostream>\nusing namespace std;\n\nint main() {\n    cout << \"Hello World\" << endl;\n}', 0, 0, 5892, '2021-03-20 15:28:00', 91, b'1', '2021-03-20 15:28:00', '2021-03-20 15:28:02');
INSERT INTO `oj_judge` VALUES (27, 1, 2, 4, 8, 'test1', 1, NULL, 1, '#include <iostream>\nusing namespace std;\n\nint main() {\n    cout << \"Hello World\" << endl;\n    return 0;\n}', 0, 0, 5892, '2021-03-24 14:59:36', 105, b'1', '2021-03-24 14:59:36', '2021-03-24 14:59:39');
INSERT INTO `oj_judge` VALUES (28, 2, 2, 3, 9, 'admin2', 1, NULL, 1, '#include <iostream>\nusing namespace std;\n\nint main() {\n    int a, b;\n    cin >> a >> b;\n    cout << a + b << endl;\n    return 0;\n}', 0, 0, 5896, '2021-03-24 15:05:14', 130, b'1', '2021-03-24 15:05:14', '2021-03-24 15:05:17');
INSERT INTO `oj_judge` VALUES (29, 1, 2, 1, 8, 'root', 1, NULL, 1, '#include <iostream>\nusing namespace std;\n\nint main() {\n    cout << \"Hello World\" << endl;\n    return 0;\n}', 0, 0, 5892, '2021-03-24 20:38:02', 105, b'1', '2021-03-24 20:38:02', '2021-03-24 20:38:05');
INSERT INTO `oj_judge` VALUES (30, 1, 2, 1, 8, 'root', 1, NULL, 1, '#include <iostream>\nusing namespace std;\n\nint main() {\n    cout << \"Hello World\" << endl;\n    return 0;\n}', 0, 0, 5892, '2021-03-24 20:40:13', 105, b'1', '2021-03-24 20:40:13', '2021-03-24 20:41:11');
INSERT INTO `oj_judge` VALUES (31, 1, 2, 1, 8, 'root', 1, NULL, 1, '#include <iostream>\nusing namespace std;\n\nint main() {\n    cout << \"Hello World\" << endl;\n    return 0;\n}', 0, 0, 5892, '2021-03-24 20:43:14', 105, b'1', '2021-03-24 20:43:14', '2021-03-24 20:43:16');
INSERT INTO `oj_judge` VALUES (32, 1, 2, 4, 8, 'test1', 1, NULL, 1, '#include <iostream>\nusing namespace std;\n\nint main() {\n    cout << \"Hello World\" << endl;\n    return 0;\n}', 0, 0, 5892, '2021-03-24 20:47:36', 105, b'1', '2021-03-24 20:47:36', '2021-03-24 20:47:38');
INSERT INTO `oj_judge` VALUES (33, 1, 2, 4, 8, 'test1', 3, NULL, 1, '#include <iostream>\nusing namespace std;\n\nint main() {\n    cout << \"Hello World\" << endl;\n    return 0;\n}', 0, NULL, NULL, '2021-03-24 20:52:23', 105, b'1', '2021-03-24 20:52:24', '2021-03-24 20:52:24');
INSERT INTO `oj_judge` VALUES (34, 1, 2, 4, 8, 'test1', 3, NULL, 1, '#include <iostream>\nusing namespace std;\n\nint main() {\n    cout << \"Hello World\" << endl;\n    return 0;\n}', 0, NULL, NULL, '2021-03-24 21:00:01', 105, b'1', '2021-03-24 21:00:01', '2021-03-24 21:00:01');
INSERT INTO `oj_judge` VALUES (35, 1, 2, 4, 8, 'test1', 1, NULL, 1, '#include <iostream>\nusing namespace std;\n\nint main() {\n    cout << \"Hello World\" << endl;\n    return 0;\n}', 0, 0, 5892, '2021-03-24 21:01:09', 105, b'1', '2021-03-24 21:01:10', '2021-03-24 21:01:12');
INSERT INTO `oj_judge` VALUES (36, 1, 2, 4, 8, 'test1', 2, NULL, 1, '#include <iostream>\nusing namespace std;\n\nint main() {\n    cout << \"Hello World2\" << endl;\n    return 0;\n}', 0, 0, 5892, '2021-03-24 21:04:24', 106, b'1', '2021-03-24 21:04:24', '2021-03-24 21:04:26');
INSERT INTO `oj_judge` VALUES (37, 1, 2, 5, 8, 'test2', 2, NULL, 1, '#include <iostream>\nusing namespace std;\n\nint main() {\n    cout << \"aaaa World\" << endl;\n    return 0;\n}', 0, 0, 5892, '2021-03-24 21:12:51', 104, b'1', '2021-03-24 21:12:51', '2021-03-24 21:12:53');
INSERT INTO `oj_judge` VALUES (38, 1, 2, 5, 8, 'test2', 2, NULL, 1, '#include <iostream>\nusing namespace std;\n\nint main() {\n    cout << \"aaaa World\" << endl;\n    return 0;\n}', 0, 0, 5892, '2021-03-24 21:14:08', 104, b'1', '2021-03-24 21:14:08', '2021-03-24 21:14:10');
INSERT INTO `oj_judge` VALUES (39, 1, 2, 5, 8, 'test2', 2, NULL, 1, '#include <iostream>\nusing namespace std;\n\nint main() {\n    cout << \"aaaa World\" << endl;\n    return 0;\n}', 0, 0, 5892, '2021-03-24 21:15:10', 104, b'1', '2021-03-24 21:15:10', '2021-03-24 21:15:12');
INSERT INTO `oj_judge` VALUES (40, 1, 2, 5, 8, 'test2', 1, NULL, 1, '#include <iostream>\nusing namespace std;\n\nint main() {\n    cout << \"Hello World\" << endl;\n    return 0;\n}', 0, 0, 5892, '2021-03-24 22:53:05', 105, b'1', '2021-03-24 22:53:05', '2021-03-24 22:53:08');
INSERT INTO `oj_judge` VALUES (41, 2, 2, 5, 9, 'test2', 1, NULL, 1, '#include <iostream>\nusing namespace std;\n\nint main() {\n    int a, b;\n    cin >> a >> b;\n    cout << a + b << endl;\n}', 0, 0, 5896, '2021-03-24 23:08:34', 116, b'1', '2021-03-24 23:08:34', '2021-03-24 23:08:37');
INSERT INTO `oj_judge` VALUES (42, 1, 0, 1, 0, 'root', 3, '/usr/lib/gcc/x86_64-alpine-linux-musl/4.9.2/../../../../lib/Scrt1.o: In function `_start\':\n/home/buildozer/aports/main/musl/src/musl-1.1.11/crt/x86_64/Scrt1.s:14: undefined reference to `main\'\ncollect2: error: ld returned 1 exit status\n', 1, '#include <iostream>', 0, NULL, NULL, '2021-03-25 15:58:36', 19, b'1', '2021-03-25 15:58:36', '2021-03-25 15:58:39');
INSERT INTO `oj_judge` VALUES (43, 3, 0, 5, 0, 'test2', 3, '/data/judge/main.cpp:1:1: error: \'aaa\' does not name a type\n aaa\n ^\n', 1, 'aaa', 0, NULL, NULL, '2021-03-27 13:42:08', 3, b'1', '2021-03-27 13:42:08', '2021-03-27 13:42:09');
INSERT INTO `oj_judge` VALUES (44, 1, 0, 5, 0, 'test2', 1, NULL, 1, '#include <iostream>\nusing namespace std;\n\nint main() {\n    cout << \"Hello World\" << endl;\n    return 0;\n}', 0, 0, 5892, '2021-03-27 15:20:15', 105, b'1', '2021-03-27 15:20:15', '2021-03-27 15:20:18');

-- ----------------------------
-- Table structure for oj_judge_case
-- ----------------------------
DROP TABLE IF EXISTS `oj_judge_case`;
CREATE TABLE `oj_judge_case`  (
  `id` bigint(20) UNSIGNED NOT NULL AUTO_INCREMENT COMMENT '评测样例表主键',
  `judge_id` bigint(20) UNSIGNED NOT NULL COMMENT '评测表主键',
  `uid` bigint(20) UNSIGNED NOT NULL COMMENT '用户表外键',
  `pid` bigint(20) UNSIGNED NOT NULL COMMENT '题目表外键',
  `case_id` bigint(20) NOT NULL COMMENT '题目样例表外键',
  `status` int(11) NULL DEFAULT NULL COMMENT '评测结果码',
  `time` int(11) NULL DEFAULT NULL COMMENT '样例运行时间（ms）',
  `memory` int(11) NULL DEFAULT NULL COMMENT '样例运行内存（MB）',
  `score` int(11) NULL DEFAULT NULL COMMENT '样例得分',
  `create_time` datetime(0) NULL DEFAULT NULL,
  `modify_time` datetime(0) NULL DEFAULT NULL,
  PRIMARY KEY (`id`, `judge_id`, `uid`, `pid`) USING BTREE
) ENGINE = InnoDB CHARACTER SET = utf8 COLLATE = utf8_general_ci ROW_FORMAT = Dynamic;

-- ----------------------------
-- Records of oj_judge_case
-- ----------------------------
INSERT INTO `oj_judge_case` VALUES (1, 1, 0, 0, 0, NULL, NULL, NULL, NULL, NULL, NULL);

-- ----------------------------
-- Table structure for pb_problem
-- ----------------------------
DROP TABLE IF EXISTS `pb_problem`;
CREATE TABLE `pb_problem`  (
  `pid` bigint(20) NOT NULL AUTO_INCREMENT COMMENT '题目主键',
  `source_id` bigint(20) NULL DEFAULT NULL COMMENT '题目来源表外键',
  `title` varchar(255) CHARACTER SET utf8 COLLATE utf8_general_ci NOT NULL COMMENT '题目标题',
  `author` varchar(255) CHARACTER SET utf8 COLLATE utf8_general_ci NULL DEFAULT NULL COMMENT '作者',
  `difficulty` int(11) NULL DEFAULT NULL COMMENT '题目难度，0简单，1中等，2困难',
  `auth` int(11) NULL DEFAULT NULL COMMENT '默认为1公开，2为比赛题目，3私有',
  `time_limit` int(11) NULL DEFAULT NULL COMMENT '时间限制（ms）',
  `memory_limit` int(11) NULL DEFAULT NULL COMMENT '空间限制（MB）',
  `description` longtext CHARACTER SET utf8 COLLATE utf8_general_ci NULL COMMENT '题目描述',
  `input` longtext CHARACTER SET utf8 COLLATE utf8_general_ci NULL COMMENT '输入描述',
  `output` longtext CHARACTER SET utf8 COLLATE utf8_general_ci NULL COMMENT '输出描述',
  `examples` longtext CHARACTER SET utf8 COLLATE utf8_general_ci NULL COMMENT '题面样例',
  `hint` longtext CHARACTER SET utf8 COLLATE utf8_general_ci NULL COMMENT '提示',
  `special_code` longtext CHARACTER SET utf8 COLLATE utf8_general_ci NULL COMMENT '特判程序代码，为空则不是特判',
  `create_time` datetime(0) NULL DEFAULT CURRENT_TIMESTAMP COMMENT '创建时间',
  `modify_time` datetime(0) NULL DEFAULT CURRENT_TIMESTAMP ON UPDATE CURRENT_TIMESTAMP(0) COMMENT '更新时间',
  PRIMARY KEY (`pid`) USING BTREE
) ENGINE = InnoDB AUTO_INCREMENT = 13 CHARACTER SET = utf8 COLLATE = utf8_general_ci ROW_FORMAT = Dynamic;

-- ----------------------------
-- Records of pb_problem
-- ----------------------------
INSERT INTO `pb_problem` VALUES (1, 1, 'Hello World', 'root', 1, 1, 1000, 256, '输出\"Hello World\"，不包含“\"”', '无', '输出\"Hello World\"，不包含“\"”', '', '', '', '2021-03-08 11:58:15', '2021-03-17 15:39:11');
INSERT INTO `pb_problem` VALUES (2, 1, 'A + B', 'root', 1, 1, 1000, 256, '输入两个整数，求这两个整数的和是多少。', '输入两个整数A,B，用空格隔开，0≤A,B≤10^8^', '输出一个整数，表示这两个数的和', '<input>1 2</input><output>3</output>', '', '', '2021-03-05 07:19:33', '2021-03-05 12:12:30');
INSERT INTO `pb_problem` VALUES (3, 1, '01背包问题', 'root', 1, 1, 1000, 256, '有 N 件物品和一个容量是 V 的背包。每件物品只能使用一次。\n\n第 i 件物品的体积是 v~i~，价值是 w~i~。\n\n求解将哪些物品装入背包，可使这些物品的总体积不超过背包容量，且总价值最大。\n输出最大价值。', '第一行两个整数，N，V，用空格隔开，分别表示物品数量和背包容积。\n\n接下来有 N 行，每行两个整数 v~i~,w~i~，用空格隔开，分别表示第 i 件物品的体积和价值。', '输出一个整数，表示最大价值。\n\n0<N,V≤1000\n0<v~i~,w~i~≤1000', '<input>4 5\n1 2\n2 4\n3 4\n4 5</input><output>8</output>', '', '', '2021-03-05 12:22:55', '2021-03-08 04:25:44');
INSERT INTO `pb_problem` VALUES (4, 1, '我需要赢多少把呢？', 'root', 1, 1, 1000, 256, '小明喜欢在某游戏内抽式神。其中有一个游戏的游戏体系中一共有N种式神，其中M种是SSR的。小明每次获胜将会获得一个符咒（就相当于一次抽式神机会），这时系统会随机从N种式神中选择一个给小明。普通式神可能多次出现，而SSR式神不会被重复抽到。小明希望收集到K种SSR式神，他想知道期望需要多少次获胜才能实现这个目标。', '数据有多组，第一行一个整数T表示数据组数。\n每组数据一行，三个整数N,M,K .\n1 ≤ T ≤ 100\n1 ≤ N ≤ 10^5^\n1 ≤ M ≤ N\n1 ≤ K ≤ M\n以EOF输入为结尾。\n', '对于每组数据，输出形如\"Case #x: y\"，其中 x 为这组数据的编号（从1开始），y 为这组数据的答案。输出的数字需确定在小数后6位，要格式化输出。', '<input>2\n5 2 1\n40 9 5</input><output>Case #1: 2.500000\nCase #2: 28.114683</output>', '', '', '2021-03-08 04:07:58', '2021-03-08 04:07:58');
INSERT INTO `pb_problem` VALUES (5, 1, '完全背包问题', 'root', 1, 1, 1000, 256, '有 N 种物品和一个容量是 V 的背包，每种物品都有无限件可用。\n\n第 i 种物品的体积是 vi，价值是 wi。\n\n求解将哪些物品装入背包，可使这些物品的总体积不超过背包容量，且总价值最大。\n输出最大价值。', '第一行两个整数，N，V，用空格隔开，分别表示物品种数和背包容积。\n\n接下来有 N 行，每行两个整数 vi,wi，用空格隔开，分别表示第 i 种物品的体积和价值。', '输出一个整数，表示最大价值。', '<input>4 5\n1 2\n2 4\n3 4\n4 5</input><output>10</output>', '0<N,V≤1000\n0<vi,wi≤1000', '', '2021-03-21 00:12:37', '2021-03-21 00:12:37');
INSERT INTO `pb_problem` VALUES (6, 1, '多重背包问题 I', 'root', 1, 1, 1000, 256, '有 N 种物品和一个容量是 V 的背包。\n\n第 i 种物品最多有 si 件，每件体积是 vi，价值是 wi。\n\n求解将哪些物品装入背包，可使物品体积总和不超过背包容量，且价值总和最大。\n输出最大价值。', '第一行两个整数，N，V，用空格隔开，分别表示物品种数和背包容积。\n\n接下来有 N 行，每行三个整数 vi,wi,si，用空格隔开，分别表示第 i 种物品的体积、价值和数量。', '输出一个整数，表示最大价值。', '<input>4 5\n1 2 3\n2 4 1\n3 4 3\n4 5 2</input><output>10</output>', '0<N,V≤100\n0<vi,wi,si≤100', '', '2021-03-21 00:13:32', '2021-03-21 00:13:32');
INSERT INTO `pb_problem` VALUES (7, 1, '多重背包问题 II', 'root', 2, 1, 1000, 256, '有 N 种物品和一个容量是 V 的背包。\n\n第 i 种物品最多有 si 件，每件体积是 vi，价值是 wi。\n\n求解将哪些物品装入背包，可使物品体积总和不超过背包容量，且价值总和最大。\n输出最大价值。', '第一行两个整数，N，V，用空格隔开，分别表示物品种数和背包容积。\n\n接下来有 N 行，每行三个整数 vi,wi,si，用空格隔开，分别表示第 i 种物品的体积、价值和数量。', '输出一个整数，表示最大价值。', '<input>4 5\n1 2 3\n2 4 1\n3 4 3\n4 5 2</input><output>10</output>', '0<N≤1000\n0<V≤2000\n0<vi,wi,si≤2000\n\n本题考查多重背包的二进制优化方法。', '', '2021-03-21 00:14:46', '2021-03-21 00:14:46');
INSERT INTO `pb_problem` VALUES (8, 1, '多重背包问题 III', 'root', 3, 1, 1000, 256, '有 N 种物品和一个容量是 V 的背包。\n\n第 i 种物品最多有 si 件，每件体积是 vi，价值是 wi。\n\n求解将哪些物品装入背包，可使物品体积总和不超过背包容量，且价值总和最大。\n输出最大价值。', '第一行两个整数，N，V (0<N≤1000, 0<V≤20000)，用空格隔开，分别表示物品种数和背包容积。\n\n接下来有 N 行，每行三个整数 vi,wi,si，用空格隔开，分别表示第 i 种物品的体积、价值和数量。', '输出一个整数，表示最大价值。', '<input>4 5\n1 2 3\n2 4 1\n3 4 3\n4 5 2</input><output>10</output>', '0<N≤1000\n0<V≤20000\n0<vi,wi,si≤20000\n\n本题考查多重背包的单调队列优化方法。', '', '2021-03-21 00:15:53', '2021-03-21 00:15:53');
INSERT INTO `pb_problem` VALUES (9, 1, '海选女主角', 'root', 1, 1, 1000, 256, 'Lily老师很喜欢教师这个职业，但迫于生活压力，不得不想办法在业余时间挣点外快以养家糊口。\n“做什么比较挣钱呢？工地搬砖没力气，看大门又不够帅...”Lily老师很是无奈。\n“张艺谋比你还难看，现在多有钱呀，听说还要导演奥运开幕式呢！你为什么不去娱乐圈发展呢？”lwg在一旁出主意。\n嗯，也是，为了生存，就委屈点到娱乐圈混混吧，马上就拍一部微电影《丝木棉下的记忆》。\nLily说干就干，马上海选女主角，但她有一条特别的规定，演员必须具备ac的基本功，否则直接out!\n由于策划宣传到位，来应聘的小姐姐很多，就连一些女装大佬也是过来应聘（还好被华软保安认出，给轰走了），看来娱乐圈比acm还吸引人啊...\n面试那天，刚好来了m*n个小姐姐，站成一个m*n的队列，导演为每个小姐姐打了分数，分数在-10^9~10^9区间内。\n一开始我很纳闷：分数怎么还有负的？导演解释说，根据选拔规则，头发染成黄色、化妆太浓、穿的太少等等都要扣分数的，扣的多了就可能是负分了，当然，如果发现话语中夹有日语，就直接给-10^9分了。\n分数送上来了，是我做决定的时候了，我的一个选拔原则是，要选一个面试分数绝对值最大的小姐姐。\n特别说明：如果不幸选中一个负分的小姐姐,也没关系，因为我觉得，如果不能吸引你，那要想方设法恶心你。\n', '输入数据有多组，每组的第一行是两个整数n和m，表示应聘小姐姐的总共的行列数，然后是n行整数，每行有m个整数，n和m的定义见题目的描述。\n1<=m<=1000\n1<=n<=1000\n', '对于每组输入数据，输出三个整数x,y和s，分别表示选中的小姐姐的行号、列号和分数。\nnote:行号和列号从一开始，如果有多个小姐姐的分数绝对值一样，那么输出排在最前面的一个（即行号最小的那个，如果行号相同则取列号最小的那个）。\n', '<input>2 3\n1 4 -3\n-7 3 0</input><output>2 1 -7</output>', '', '', '2021-03-21 00:32:04', '2021-03-21 00:33:20');
INSERT INTO `pb_problem` VALUES (10, 1, '皇后问题', 'root', 1, 1, 1000, 256, '已知国际象棋中有一种棋子是皇后棋，而它的攻击范围为“米”字型，即对角线和该列该行的棋子都会被攻击到。现给你一个n*n的棋盘，在该棋盘上放n个皇后棋，而每个皇后棋不能够互相攻击，请问在棋盘为n*n时有多少种放置方案。', '每行有数字n(1 <= n <= 10)\n当输入的n为0时结束输入\n即使用while(cin >> n)', '输出有多少种摆棋方案。', '<input>5\n0</input><output>10</output>', '', '', '2021-03-21 00:35:03', '2021-03-21 00:35:03');
INSERT INTO `pb_problem` VALUES (11, 1, '坐大巴', 'root', 1, 1, 1000, 256, '小明和小红是一对情侣，他们今天在广州东站准备坐广从线来广州大学华软软件学院参加华软的ACM程序设计大赛。但是发现在现场排队的人太多，就随便坐了辆车上去，到了车上发现，人很多，不知道还有没有相邻的座位可以坐，而广从线的大巴有n排座位。每排有4个座位，大巴座位的中间有一条过道，请你帮助确定一下他们能否坐到一起。', '第一行数字输入代表有n行( 1<= n <= 1000)\n然后后面有n行字符串，每行字符串包含5个字符。其中大写字母”O“代表空座位，大写字母”X“代表座位有人坐了，字符”|“代表大巴中间的过道。\n以EOF为输入结尾。', 'YES代表小明和小红可以坐到一起。\nNO代表小明和小红不可以坐到一起。\n', '<input>1\nOO|OX\n2\nXO|XO\nOX|OX</input><output>YES\nNO</output>', '', '', '2021-03-21 00:37:46', '2021-03-21 00:37:46');
INSERT INTO `pb_problem` VALUES (12, 1, '青蛙跳楼梯', 'root', 1, 1, 1000, 256, '有只小青蛙很想去广州的白云山上看风景，有天这只小青蛙来到白云山底下。\n已知白云山总共有n级台阶，但小青蛙跳得不够高，每次它只能够跳上一级台阶或者两级台阶。\n问：小青蛙有多少种跳法可以跳完白云山的台阶。\n由于方法数量会很大，因此输出的时候需要mod（即%）10000007\n', '输入一个数字n（1<=n<=1000000）当输入数字为0后停止输入。\n数据保证输入n的数量在200个以内。\n', '输出小青蛙总共的跳法。', '<input>2\n0</input><output>2</output>', '当只有2级台阶的时候，有两种跳法\n一种是1+1\n一种是2\n', '', '2021-03-21 00:40:26', '2021-03-21 00:40:26');

-- ----------------------------
-- Table structure for pb_problem_case
-- ----------------------------
DROP TABLE IF EXISTS `pb_problem_case`;
CREATE TABLE `pb_problem_case`  (
  `id` bigint(20) NOT NULL AUTO_INCREMENT COMMENT '题目样例表主键',
  `pid` bigint(20) NOT NULL COMMENT '题目表外键',
  `input_case` longtext CHARACTER SET utf8 COLLATE utf8_general_ci NULL COMMENT '输入样例',
  `output_case` longtext CHARACTER SET utf8 COLLATE utf8_general_ci NULL COMMENT '输出样例',
  `score` int(11) NULL DEFAULT NULL COMMENT '得分',
  `status` bit(1) NULL DEFAULT b'1' COMMENT '是否可用',
  `create_time` datetime(0) NULL DEFAULT NULL,
  `modify_time` datetime(0) NULL DEFAULT NULL,
  PRIMARY KEY (`id`) USING BTREE
) ENGINE = InnoDB AUTO_INCREMENT = 20 CHARACTER SET = utf8 COLLATE = utf8_general_ci ROW_FORMAT = Dynamic;

-- ----------------------------
-- Records of pb_problem_case
-- ----------------------------
INSERT INTO `pb_problem_case` VALUES (2, 2, '1 1', '2', 0, b'1', '2021-03-05 07:19:33', '2021-03-05 07:19:33');
INSERT INTO `pb_problem_case` VALUES (4, 3, '4 5\n1 2\n2 4\n3 4\n4 5', '8', 0, b'1', '2021-03-05 12:22:56', '2021-03-05 12:22:56');
INSERT INTO `pb_problem_case` VALUES (5, 1, '', 'Hello World', 0, b'1', '2021-03-08 11:58:50', '2021-03-08 04:26:07');
INSERT INTO `pb_problem_case` VALUES (6, 4, '2\n5 2 1\n40 9 5\n', 'Case #1: 2.500000\nCase #2: 28.114683\n', 0, b'1', '2021-03-08 04:07:58', '2021-03-08 04:07:58');
INSERT INTO `pb_problem_case` VALUES (7, 4, '98\n85362 3897 3804\n23295 7567 400\n28547 10433 1794\n24234 20685 9724\n63956 20355 8775\n44050 3881 2830\n52662 15385 12213\n20563 14099 5345\n30209 17892 7233\n53953 49451 24215\n85028 8103 3027\n53809 35553 3207\n9075 3284 2978\n75805 12436 859\n48000 12619 8364\n8314 787 330\n98326 18788 16523\n58194 27885 1962\n30725 11731 11034\n31408 25336 9722\n34496 15791 4424\n9216 3157 1529\n40626 39998 14014\n98420 14149 8429\n41836 35984 19388\n26412 15948 8225\n73112 72852 67860\n53673 49799 4572\n65835 53513 12870\n71735 45213 33069\n79002 34859 22862\n36250 28421 10421\n17734 12670 10420\n79987 3450 557\n36001 29725 20291\n68483 22936 18977\n9669 1899 647\n52747 46332 28072\n45348 17413 8012\n66430 21711 20343\n94429 93124 30957\n91064 11437 4204\n94541 36222 7017\n37573 24531 17782\n83468 56831 9391\n54000 29985 27471\n31247 8164 2159\n38285 23077 19923\n19006 13748 13728\n9132 3409 119\n69055 6167 2025\n51348 47524 7077\n45931 38900 31315\n79226 9582 6698\n45073 13081 8523\n44067 20766 5436\n10016 2162 979\n77231 74573 8205\n86443 80416 40354\n76503 62458 54367\n20172 3344 2883\n79947 63131 35644\n76631 9370 2022\n35481 33814 4171\n22460 16873 9693\n48400 140 2\n89861 50799 21812\n17437 8776 70\n30496 11039 7239\n56680 27098 9394\n64367 22298 16494\n8159 2261 1279\n73156 66295 34395\n2654 2421 396\n54759 13718 8428\n17175 5924 2510\n61061 28659 16261\n92182 3304 3007\n89199 47786 47576\n62288 29026 4580\n94258 60468 19806\n91743 24259 22519\n52664 29181 19993\n62194 53763 3595\n62558 21276 14298\n72253 35066 24033\n7618 5296 4443\n14167 9358 6130\n96462 35790 2475\n36602 23080 9803\n27651 24227 22103\n24848 15502 11509\n35214 33185 22897\n26403 7105 1721\n10117 608 523\n61722 48617 12649\n97109 60862 52054\n18422 11303 10101\n', 'Case #1: 307678.584356\nCase #2: 1254.122300\nCase #3: 5211.696487\nCase #4: 11977.770581\nCase #5: 33367.206468\nCase #6: 55290.871695\nCase #7: 71069.863412\nCase #8: 8425.558057\nCase #9: 13612.345252\nCase #10: 27243.500046\nCase #11: 39002.823863\nCase #12: 4932.790447\nCase #13: 16712.813037\nCase #14: 5394.454802\nCase #15: 46824.242774\nCase #16: 4417.810987\nCase #17: 184781.621330\nCase #18: 4173.252114\nCase #19: 64645.138841\nCase #20: 12661.127761\nCase #21: 10572.584404\nCase #22: 5540.792460\nCase #23: 14284.882617\nCase #24: 84746.761947\nCase #25: 23916.842086\nCase #26: 15812.416590\nCase #27: 68556.930016\nCase #28: 4945.064786\nCase #29: 16259.721045\nCase #30: 67932.681462\nCase #31: 69946.133402\nCase #32: 13996.867297\nCase #33: 19171.220114\nCase #34: 14031.515235\nCase #35: 27493.538932\nCase #36: 98985.396329\nCase #37: 3882.809699\nCase #38: 34045.028321\nCase #39: 25230.477978\nCase #40: 143951.986478\nCase #41: 31484.356963\nCase #42: 40687.054305\nCase #43: 19574.446822\nCase #44: 34612.565065\nCase #45: 14202.027243\nCase #46: 86995.538359\nCase #47: 9248.245674\nCase #48: 50187.347466\nCase #49: 47947.910613\nCase #50: 322.316007\nCase #51: 27054.052821\nCase #52: 7693.583789\nCase #53: 42809.057838\nCase #54: 90311.676780\nCase #55: 42249.138982\nCase #56: 12507.779011\nCase #57: 5713.303149\nCase #58: 8514.823577\nCase #59: 44553.484889\nCase #60: 83070.600876\nCase #61: 36212.372537\nCase #62: 49626.310560\nCase #63: 18371.147786\nCase #64: 4390.455261\nCase #65: 14466.394939\nCase #66: 693.908530\nCase #67: 43726.633919\nCase #68: 139.355744\nCase #69: 27986.915727\nCase #70: 21985.860251\nCase #71: 73114.075260\nCase #72: 6196.063574\nCase #73: 39413.823818\nCase #74: 437.606949\nCase #75: 47533.199710\nCase #76: 8710.034829\nCase #77: 43410.942924\nCase #78: 216991.962561\nCase #79: 272242.016091\nCase #80: 10291.822134\nCase #81: 33214.421982\nCase #82: 200314.765789\nCase #83: 47129.537842\nCase #84: 4178.488083\nCase #85: 60317.901393\nCase #86: 67032.705887\nCase #87: 8681.708614\nCase #88: 11248.061853\nCase #89: 6822.739800\nCase #90: 17279.546807\nCase #91: 30436.851175\nCase #92: 24185.290643\nCase #93: 25273.134035\nCase #94: 7073.197551\nCase #95: 19184.174294\nCase #96: 16598.060608\nCase #97: 122115.828352\nCase #98: 26052.612075\n', 0, b'1', '2021-03-08 04:07:58', '2021-03-08 04:07:58');
INSERT INTO `pb_problem_case` VALUES (8, 5, '4 5\n1 2\n2 4\n3 4\n4 5', '10', 0, b'1', '2021-03-21 00:12:37', '2021-03-21 00:12:37');
INSERT INTO `pb_problem_case` VALUES (9, 6, '4 5\n1 2 3\n2 4 1\n3 4 3\n4 5 2', '10', 0, b'1', '2021-03-21 00:13:32', '2021-03-21 00:13:32');
INSERT INTO `pb_problem_case` VALUES (10, 7, '4 5\n1 2 3\n2 4 1\n3 4 3\n4 5 2', '10', 0, b'1', '2021-03-21 00:14:46', '2021-03-21 00:14:46');
INSERT INTO `pb_problem_case` VALUES (11, 8, '4 5\n1 2 3\n2 4 1\n3 4 3\n4 5 2', '10', 0, b'1', '2021-03-21 00:15:53', '2021-03-21 00:15:53');
INSERT INTO `pb_problem_case` VALUES (12, 9, '2 3\n1 4 -3\n-7 3 0', '2 1 -7', 0, b'1', '2021-03-21 00:32:04', '2021-03-21 00:32:04');
INSERT INTO `pb_problem_case` VALUES (13, 9, '35 68\n-72514610 -82034146 -64275418 26700461 -3152721 24396628 24751187 43105490 85798288 41595214 -48861077 82680908 32057219 11590485 27564226 -4861872 52205773 88129925 -63353219 -66998085 68383661 63593078 81699335 -83153939 96715450 15279456 66170731 29653444 77403789 -27589143 99937275 43213140 -47242216 51174582 72278037 -64671300 -25011436 39569334 -585290 7500536 -24457764 29419578 34560841 -36208298 -66430365 -75734209 91268113 -64246330 -77401507 -48491844 38932409 56876325 -99396334 -39739540 -18283034 -71304687 -58526890 -56131652 77896317 -9442949 54880379 40076513 -15370624 84789118 22586027 48777624 38968572 79690088\n2949672 -8214810 25704981 -9926296 15170534 -449429 83363020 -83836956 77814778 -28497510 89201313 72499621 -60727351 -79903727 -48795355 19973569 -26040376 -62757104 -56421049 -23297141 -50042798 -39018872 96431753 37578487 -5037563 -87619040 -47248391 62673921 43590569 -99751739 82519451 -39228457 -60013698 81644285 3690898 -26156149 -63586979 -54782156 -6525724 -54605527 34422953 -29029389 28298628 17521551 -41291112 62816890 -11148183 -24160578 41174994 -51765566 -7431965 54608761 -5410092 -58425144 -41120526 -84445997 -82397056 -37587490 -23166596 -29805968 98541976 36143330 -84900332 25546189 -50397753 32260431 50286245 -8330676\n25573247 47251809 -94368745 95993485 -96476083 -71022290 15590366 -18769876 -72640655 9458328 38988155 34636979 -49046098 -74925501 26976949 -62599644 62357166 84713750 -30197024 27866660 92352625 17979913 -25089692 -56957423 70740775 -95810989 27592454 30754308 3740617 -51121229 28955823 -93326117 90405997 -25808087 7814531 -82259495 42551977 -64122919 -1982903 -92425679 78862375 22216404 -30849291 30002448 -94070242 57053114 -95125655 51387084 96655329 37390795 -91337158 49443627 -18698804 -64823709 896398 10799323 -73162481 99847078 -25281816 22511712 -37327313 54387785 -32304333 -19078016 22162472 60207264 76467427 -72060508\n-70387352 17992628 2161432 -90831741 44986480 32943876 63399213 38691583 -52071042 8135225 64417014 72578546 -31546573 51315983 -44725241 50168031 5480107 -61710799 69785700 59735128 -50609260 -98861285 -62355562 -67715673 -23775021 -16031147 72101504 13439262 93319955 87519931 -97401653 -39966286 91036631 29894028 56711092 54192016 85996680 -91263366 -44048700 10615170 17877373 -68882577 -49946746 -97693200 26790570 -61088752 -20288757 17113542 -25777466 -72279067 -47569192 19100920 46313926 39547075 83446697 41898146 92394727 -27973803 20466525 -76171321 76203370 48763355 -89636568 -15660108 -66481862 34688919 49372491 136428\n7575743 35749784 -72375893 33791239 -75523378 51697 62252753 41617290 -73124997 7876086 77359279 -38014557 -29385602 -80940402 18184866 7914997 15441149 81181320 69175126 1096248 35412295 23610050 -33773940 12227073 -82261337 8298870 8370283 25721185 21233871 -21878246 -63406246 -21627301 39380964 -68053614 -66741360 83722160 -26425444 77286071 -54019896 18164135 45920020 8137035 -54519531 81027237 -56472610 50968251 66654889 78852250 -83961989 -76731726 -69108249 87896296 89776599 87868591 -72714712 82301259 85481925 -48656399 49428282 52834077 -92415771 64472070 -23651342 90681817 52707229 -86755080 -60210050 56447928\n92535366 28786941 -70939132 44750762 52905368 -10340916 -64234528 -51599853 2887520 43096855 14972563 -22705088 -45527819 80892256 34609929 -48942601 23851791 4762506 -13436673 -70769018 -88619578 6197863 88359922 -51848483 74195562 -43211864 91250669 20942270 93319961 -366590 -43193327 24392926 9299015 59804115 26267713 5206322 22372980 -29704062 -72784009 98172053 -63098378 44546415 96636666 -22871954 -25105335 2338584 92154260 49025245 99089078 55509439 41537789 8517083 -94798860 -40321102 -17819219 82863937 -45229593 62010036 -17572754 -9640242 -42339778 3116795 -88556067 879938 -26352898 25797011 10165490 -59422307\n-35782875 18162603 -84210216 -98559461 -72054391 -85770303 -32354508 44548913 78390643 -39736799 -71876230 38547097 79064079 72771253 33112729 -34207300 33836770 83945555 77950120 94671003 29929812 -86830360 85201242 90370071 -37747299 17752797 32545875 39879032 -87024686 39260603 81581487 45855884 85075419 -6357579 92839945 94294858 77447452 94827021 -58751292 -13945009 64356318 49992070 -82345863 -72014799 39890379 22138941 18028712 -64335092 -60675199 -11033882 16334977 52895895 85861415 22681496 -23587816 71002800 32906540 -48710150 -5381286 4816869 -39580115 35304083 81574136 95986029 54933135 69332382 571813 52375458\n-51205551 59167878 -51926540 85902839 -17590296 -34002425 -80600293 82126254 -33853301 -24048942 -35943342 60264059 46739111 -36390910 89633565 -89248770 -16978143 -45409151 -72402243 -85398570 28884709 61184227 -97425695 31006001 11945617 -32127705 61649690 -9858445 -73845101 -99157739 42273998 89030636 -44329635 59575416 55213486 -61011512 71491333 -58417014 -70862596 -41714144 -23911013 70484497 58778716 84164189 13895584 80383149 98539094 53635901 95571760 -58309241 -76804189 -95955990 31415868 -28473674 2423804 -38288276 81423088 68805423 50642302 -48323752 -42594877 6610191 78561034 93079076 -53330798 12823108 72731203 22401397\n-67342609 -35289665 -23833422 -87280339 45519065 -16981486 -3522854 -30444942 62829116 -53636882 -61944840 7971999 3974013 46035367 34517514 86695887 -10786351 -59880951 -99357535 23144485 43087206 54300569 -20920301 75083920 96113703 13296496 73506726 -49850907 92501538 -63352314 -30104901 80271474 57393777 -75198079 -77788676 42492687 35704192 -38923253 -17290788 63866054 -67265337 43937287 55519312 48217348 -7559740 -83152579 24561410 -88494511 96829102 84403146 -83087304 89641880 -72583826 92989453 -18501811 -52802921 -60494044 90798923 -25609414 -14187200 -1361250 95300920 15272062 36070408 99231365 -59774622 -1642729 55560008\n64323003 7513572 -91400348 -90692708 76249259 83624090 34322782 33605637 -71075108 -36513620 -9677898 99189714 -30851498 30686672 -66893715 8386887 -10196523 37807928 -3549117 -8061424 -34919541 -43508996 43848639 74113521 -85183524 18066806 -76308462 67978405 53836719 -43785798 67422962 93910952 -3214821 42014633 -79854190 61645777 -33827727 27932744 96458333 -67488726 -48560920 -63711376 -89397307 -24741795 -32475235 -74702438 47157338 97276328 93097871 23802447 -30845370 4254156 -21701838 -43577559 -48310667 -79336913 -8558329 -20734120 55996520 11522050 80588897 -82044922 -64168736 -98635586 69675708 -39547303 32446374 5038217\n73492037 3771866 -73694557 87528747 -9450977 13864434 -45880573 78317427 -82630699 -14151498 67217685 94890571 -72807379 -86377639 -80134468 -20462773 -93915691 -94746965 -20579414 -16371686 5814516 -88360612 77812164 -77978152 6932585 -91191978 -40650587 -87893072 38795526 -73258505 70037162 69678176 -17601023 25569190 91759353 53815919 -34249522 49986111 72384487 -6083974 81460859 -44677253 79233529 16110392 61547009 -59191534 -19081928 1983690 79821529 -87259579 87289873 -25879322 39993351 -2877985 -11379674 -21500393 91545431 -21986602 60507113 79655249 -68474405 -58326433 20848567 -60613205 -46220885 -82150214 32686723 -44388784\n90285705 -74321490 86447729 -92511924 -74292870 67970754 -49159221 1976826 -96742974 23798339 212968 71276327 66736627 31536220 92171235 -54367231 -93061520 -453097 -26144055 -16288592 -98201940 6726290 -98221825 -55496418 -64826816 87956028 23312709 95963364 86557683 54731143 -16302055 -55758441 26561018 -82718132 26974357 -35903708 -18051520 -24958789 -32928562 51126532 -84760837 2910003 -84218302 88571004 -87110463 61992636 -4047772 -16654743 -95005589 -51074348 -5538352 78483245 51126450 10475908 -92899707 33415066 -2905481 -84577465 10459212 -68254452 -92731647 53156896 91017218 -14705921 -31481445 51563681 8247427 -85272230\n-79252805 71733661 -22018902 -92391336 40484512 45304844 -51692769 -54950589 -21485057 53726242 95137065 -97773987 -88924956 91263722 -16414437 -76746518 -97322789 -59904376 87922434 -64492247 56090061 -85342079 -53336447 -10754739 -94461372 89463073 70289819 97596817 -67872073 -89746766 35105011 45219514 -61701469 -59441082 -55454059 93790931 -58554362 -30582860 -36613679 84498980 57516695 67850115 97785701 66069599 87770402 -94915046 88096636 64828331 81346280 32639827 41706048 99419896 48058874 -13938111 -85690598 -37457642 9722896 59265352 -12865498 -72665733 81057130 6805262 90060924 -90425400 -10711412 66985211 -32266129 -37713887\n7906774 40270364 78348819 9579817 -44358994 52466931 -78381337 1664878 91923647 4501977 -15307090 93874630 -87435888 -32922882 -78106362 92616853 5198998 -84356412 88394752 -31258511 -66372970 -15552995 25138669 -4186285 5136465 -92087010 82671023 66265616 -14883538 29288599 -69907048 -67423036 -73660961 98171294 41367084 -29376608 -21514468 1445419 -1366337 -13740358 31662810 -97502204 -93687310 -16341859 -7269776 -35635888 -39400407 -94944278 27733458 -11715895 91607472 -61196306 98319660 -69687001 81968437 21943620 -69614589 69386376 24827162 -8881994 70056049 88189003 -17906885 -76536922 80666316 -88651090 15620733 -46050025\n25647092 -9498458 49970124 74878429 -77269197 -41422807 78693821 28177844 15449873 70321958 51961988 -94797305 17527668 5341729 26737046 -58696522 17469387 -5798441 28595475 67422966 27744958 3069427 63796670 18030254 44821965 97069349 -52678606 -14906570 -38216090 21017218 18458040 -32347219 59859614 59515421 20727635 -73420515 78104617 -79124439 64758653 75368894 -98924710 35123793 -74804878 38927293 65175386 5185577 -24661438 19814852 -91542104 -82491309 -27007614 -76189750 59704838 -71934509 32351113 -22612886 88978800 -66443399 85893341 67521375 26943917 4437955 4430926 -84976246 -42462846 31804552 95248459 72205149\n-80600186 -21233103 -52271650 -97835570 -32574952 -12405711 88074785 -54569742 35480764 -91055260 80233868 -672087 28223594 12350582 -58249248 41010962 -23444436 89733651 -60442420 40115299 38511353 17078850 -58758863 -36515666 84727977 -45284930 22995186 -40948765 56721204 2557091 -2290146 18701656 31330289 26993836 69048928 -23618376 71863169 -24211811 1122180 94603962 83403099 -62399421 -99076121 -94187701 36642047 -9505646 58805033 -55974612 -45838882 -2786211 42254286 13746866 -35682432 81482848 49813124 -60218777 -41080709 -43406525 -32523606 36644497 -91169290 -20800313 -73113084 -20962738 -30303121 15803480 -80187387 -65723937\n27346736 97993983 -70366932 -70221055 -49342175 -79042168 -27730966 -76396632 67939446 65362691 -45610307 80756263 -59164343 -66334580 89149098 42506581 42187063 76162498 26994970 23289690 -45879641 -51557145 38474102 70478732 -61466702 36722355 -31004924 -47749903 10870534 -15834484 -45748175 93049252 3477561 38458098 -7053976 98754980 -55249793 -78500377 32925835 68547062 92615802 23066551 -23174398 74613170 -18976612 23751439 27739338 -70254106 -12448490 -14759314 95031636 578268 -3167467 -95182687 56975897 -3615503 -93450999 41976451 -78515421 77846905 85962044 41870661 6113012 35469499 -43354125 83356021 -35229582 85266447\n7571362 24637643 -33097128 59618212 -97437680 -87302097 -54270843 19199815 -71470533 -99642064 -16319938 -66014063 -34090 81617874 -58786340 -28091233 -39384167 -54835593 45235985 -64469674 92478181 76422429 72918227 56005774 93812929 54109198 -24046805 -41788541 80174022 -11266735 92584354 -80505709 -36397284 11669211 -83307955 61005835 -65910598 -54910785 26711170 11660156 -49951607 38509391 56617083 -20875612 -75931703 46193764 60797204 41405622 52491354 -76047365 -58165848 47331077 -67606982 29032229 -14554634 -74622707 -4993334 37051649 -59888128 -64768469 27768208 62536826 13750016 66117069 -30451843 42040725 -58535774 44539585\n64848065 19654700 -90005658 62860244 -40137704 -87275238 -64537159 15425288 -89313546 -80358126 -72229412 -48297079 -50588386 -82982544 -12741458 13962388 75241117 84494537 -85543366 36948636 97744013 -46010570 53255947 -23489207 -39651964 73447261 93889254 85138864 31144514 -17008203 96532848 -2899647 -46866836 39301303 -13886868 -92658173 93014600 50713869 51650865 -72006094 30259765 89273775 -10282599 -52881605 95834936 -7347526 -92985432 95505447 16970225 64624139 69279443 92915085 18376303 89817568 -85936412 63186394 53214089 33815979 -52728431 -43900998 23726473 65530722 -56115913 -48858862 47773524 -18173151 91577561 -6831188\n-43367080 66487734 -76459979 12495093 -46139576 98465847 -75720948 85638938 -41355451 2567142 89968415 29869300 23664617 43048680 93767035 -32435311 43565534 -35662475 -37657584 -77623491 -44810625 75523236 -88576492 89266055 -96086171 98327429 -80444547 -86045061 -33426714 -897373 -5264351 24913899 -27012298 -95990335 36944276 -83949815 52272392 -34638496 -31496602 64388732 23835185 -22330298 7559203 -32840777 67638533 21031695 8254926 -95622684 -27681838 -11785750 74194805 61356708 25040767 -87633023 96602737 -19291273 -20819216 -60003588 -96347823 89085516 87597109 42320006 -20856682 2197452 -5908547 -14780801 -25271931 -92211738\n-17938283 26220671 79156802 35333392 -5097964 12870769 -58799237 -55850598 24757883 96444181 68519839 30843115 -2076832 -39245487 58238901 60886778 62243610 -71178058 -44626903 68372356 85077650 -66151763 29399653 -70223269 -35791984 20948168 71015030 -27613195 -19032782 18475060 -97481378 -57247187 37986857 -98078875 -47569204 -43073592 32708049 -84911446 10047958 -2182482 -56074467 -55276031 -32129576 79437134 32541725 23529833 2400268 89358878 -84939297 -14750028 -48110988 -2536628 -31192244 4257499 -10994587 -18971486 46494267 46921647 37373327 88380185 -14088675 34017362 25034950 -51972703 68006455 -20709107 2204828 -95221434\n69276646 -47537587 73019158 -20172927 -73456282 52417746 -51390755 -16341786 96511729 20588786 70092892 69174675 30658244 -5509130 -81933360 -65410514 -76598765 -49693840 -25330329 21187445 -89203075 35502524 -96993048 32016786 -80139401 52902028 11594173 -71029969 85004782 -22007180 19378492 41104943 71688524 62260185 62949045 -22767010 50614196 -3318375 -41719891 77101763 20054788 6049243 -36526834 11285927 -86339647 -63705162 83536468 -77980651 44529598 90411543 762112 -65874114 36372851 -78380576 -68597334 72013300 43594045 87127717 -47078685 -29063502 -70666701 45497148 -4113230 -7399940 17764729 -3074196 -69114953 -59242335\n-31212592 26172348 -4648600 -52725898 -50914991 53877638 92010191 3317143 -2044997 -70641468 27804191 -43539954 -6425448 -86328975 77369612 -14164900 -54750897 10862626 38238041 98146022 -28702289 7979535 98664506 -90276221 -77232329 46901591 -45011821 -98458220 82286501 73555933 3736251 -21202530 -34519698 99132609 1892116 -57879653 -41854589 -12002281 -59431900 7403293 -27797656 -10455577 23834678 -68710395 8169894 81916148 -22382971 9475792 -28702456 -74215497 -85905733 98902865 -48120040 -84639175 13675012 42875602 51617793 35616072 95322931 8746604 92039746 50167730 -71139532 82494026 3487598 -97359607 -25041546 -76393816\n-44760844 -19728453 49319408 25463101 33625750 84404085 -54778840 76219152 3698014 65403855 73102301 -47113796 55584722 18208612 90425353 -71333168 47893092 78887598 -50852522 -40896344 -26966630 -11538331 40966847 -90099431 -21413751 -15278715 30680471 -41717186 67308080 4462101 -5954294 -44197664 5571905 -3745717 -54908768 -49921128 -60048477 -76321256 -31292709 -50128076 -24843946 -86250958 87156688 -24796806 37059982 -96856251 40628852 87841292 -37052837 -16742422 79537521 -62786469 -75582596 -35091880 31753766 -34980435 -8394167 -36081417 -6287987 63930514 -53461077 -24646271 22623709 -1889652 27168133 74690019 -26941067 5790091\n61460479 -34426011 -84037511 -61263452 -13796022 -23911605 -36987255 69890176 -34708030 -23217641 -6170539 -88132645 44304307 -73624442 30795583 -66631708 14127501 -59502858 -32524682 1758761 18472728 54870890 78999399 94987881 1207882 10286431 -59527297 28027244 -4515298 -21749801 -9259101 -98004713 -78919587 93373311 82048524 -18929900 72019259 -93398121 91762868 -37596974 -79559029 -11401832 -78513076 -8821571 -22916367 -93083453 -58473368 52661145 23183807 -67241486 48517576 -51032796 -87305335 59648180 -47894014 -70623079 66554103 -24277484 68594391 47689005 65083552 -33535687 87856122 5952761 29591578 -31277747 53302997 -2202622\n-51949761 64806897 -89695734 -86529394 -73179092 -19553258 58281057 -21983623 70055460 -97968060 5015350 55488729 14066187 -34043808 -40418678 -75378616 19822524 -21913881 -27156816 18474195 -45814035 7757927 -22110590 -97749165 42653025 -68511410 57139434 -47507635 -66160183 56068331 29445652 43883065 13269814 -50857473 32041488 -15691024 -95145218 3421230 -1053812 -9001116 43945071 -17850675 -1821137 -13886482 -15445378 18319041 -74848668 93339271 5334104 82143868 -13301637 7071031 78395207 82520015 -9021508 24724423 -37990589 22947091 -78426035 -67515380 71910612 61533598 85647832 26185579 88040627 44490347 37896493 8931873\n45130997 -40415416 61275173 -75357929 58581371 -50829470 -35344961 -57775084 81868457 88821487 20804919 -23216395 -78608873 -16607993 73276507 -98085358 37352052 38532903 13048123 66624101 -80218187 47310364 -35512858 31533483 13346966 51768063 35545831 29027960 71799410 81952793 -37708391 56407848 -68475080 -89051415 2674096 -66485752 94432123 -24080695 73550064 -73939446 -32674466 -51469709 -25907311 51458746 -74300317 85853219 -84141500 -82881055 -17328750 44193428 -4203916 28766426 5637971 -12600218 80091478 59766846 88017146 -64539102 -24225369 -5083039 -27762875 37360931 17227380 86777989 -96038066 -65589234 33280373 32499270\n-14316771 5130314 96333348 -89999715 -13993302 -93432892 -86359440 -90796995 31932 -98008772 9402942 -63531165 -80524748 78094444 -11907642 -3908016 -19020237 -46266944 -25579439 -43108077 -45006515 72334835 -21956324 5613558 -27699290 -79058597 93235614 91299234 3792763 -34414413 88099593 -88763102 56559970 74860788 84196198 55781338 -77112410 21711188 57436679 41512779 79714922 22643760 -87735603 -25411455 84343210 96484952 -84240621 -28662119 95849655 -84549848 -76309159 74997620 -33600981 -34852530 8012552 -69747527 -25191526 -45862181 -93151591 -43390768 -71279766 46893107 -71578470 94402299 77512182 -50917892 40807193 38796734\n47621770 99939961 35548768 -56109234 52056163 40369280 5269823 89616851 17228196 7129030 -73802052 -33076262 -34605654 -37801870 74589449 37255672 90650834 14303784 -95788977 36545048 21198402 4619251 -39989010 -73282032 97384781 -1387327 -44213650 71662504 75945668 41826689 -20970195 -11623281 -53727593 -35357127 47232845 -47063450 34811173 -44857422 -57834472 12724192 47628063 70605969 40137268 -66469322 -45756390 -50256774 -92147529 27886562 -12497563 -97503916 -65827885 -62840137 -44251289 96238966 -1211027 -77997989 -46556700 75815746 85755476 71174975 -59432159 88492545 83500011 47629794 79944751 -56604456 -57876534 66249892\n3996831 11421645 -53863380 -35485695 -117321 77707873 -39894407 81807315 28071679 -74654371 -42473833 92447962 6935686 57119208 -56431316 -748557 12488411 -41398429 -39889891 16940505 -26158062 66541939 -78085396 -56537520 -74400650 -47002436 -40436143 36827827 9830121 -60871467 -67641546 -55587873 10066474 -92533104 56366768 -37940042 4784642 -48175227 -74408056 30404571 -41582714 -3815382 -55113525 -18566014 -31172916 -97980964 -30122046 -11665356 58231755 39536954 65102228 -75389351 71836557 -73194939 -79212318 -27068027 -24063174 -20486108 16785831 43398506 7702343 -96005388 -80827615 27575154 -14811593 -29691738 -95702931 -43937745\n19584955 -98346615 89386623 87834386 16015605 -64190434 -58989402 -49317387 -35188572 63257663 -91046660 -91869481 -36327007 -60801122 39931948 -12078351 60684212 -43990893 30738100 -59939021 -12510673 24501183 20979945 23416260 -60511873 -20102350 -26648117 -67455253 -80728749 -99898013 75051669 -5995648 -41366563 -17127494 70483125 -39044350 -50131434 20231546 -91326109 -59333572 99996449 -74132236 -28119300 -35661316 -65944264 -97539193 16806687 -34914316 -42837040 -82613090 90799430 19748134 -90728361 -61272081 -97272785 85324244 -2534561 36042873 -80418133 -71079293 38074111 88579671 70485034 41064567 68280342 26107477 56565120 -80159359\n6050827 -49623808 75889736 73182402 -3131501 -78362755 45088001 -50909158 -65302720 -82656087 49347415 -71983478 78879014 65092604 58045786 -17331271 58600055 -19491703 14708996 -61420321 -10241552 -37185253 78016319 -31572108 -72047379 -83688558 56003163 -7145891 -60326024 -99589616 -37626986 -31394749 -75994970 -13178424 45571383 -2914025 -44407146 27148742 -60383041 -51548150 11671734 -29519857 69604716 87528861 1396671 67695909 -28206389 45072599 24012851 14389601 -49326054 70393258 47486024 8760121 -2929760 -96109579 -56822905 72487909 -19019654 69608103 85050690 69501994 -32861341 -41069420 -41775833 -42143747 35073288 -85151247\n62449465 87744997 -95600401 78245091 51355081 -49452553 31537616 -28957356 -19790352 35502870 70132423 65699652 -85311098 16367342 53431712 87173343 -16113566 -35805267 87265391 70266289 79426635 -60345784 23799866 14038148 -79786404 28464671 59695479 28950818 -39750782 76619666 61690471 33281288 79880280 35998616 -83183922 -71264004 -9856758 -87241042 62274509 49343435 -89802120 -98731033 18755861 -70193320 29325578 75685259 84034049 15449005 -30848575 -16515911 22057135 18950669 665526 -63062122 -43921410 95654112 -31507613 88064923 -66354344 -9364309 -57840226 38272270 91216705 39684577 -26250464 78832686 18786174 -85227800\n-24352253 -60940223 47403942 9633021 60675153 -62227269 68822001 -13805423 -44579077 -44222069 -4781172 85424423 97970136 4712287 6803593 -62911688 -8370561 -87389080 -45803683 -23537436 -6173886 -75472148 91436603 15274976 49976418 -84465890 -1423664 -45576072 41385328 -70771511 -45448161 43621 81787880 86873532 67201364 -2475704 38088092 -12186800 -29471823 -70040529 -97945876 54466574 71447307 60271463 11913373 -43986631 71116983 12791537 13686472 93591236 -46722700 -24717587 22253393 -30833606 58012692 -33653084 97580501 27317281 -81756535 -81148263 142271 8540625 88731854 -46337251 34533846 14369833 89523267 16361264\n84042454 -37834867 -45277236 57789366 -54314474 -25439955 28930694 -19380480 -76053730 98524672 -99185802 -89017792 88302583 74466687 54395691 53182371 -71533183 62032502 -13307542 43281889 14857204 88183258 85403901 911942 -72283242 -95700079 87711498 -91991079 11341262 10951031 -95600121 34082323 -69058153 -36189267 607370 35973315 70993556 -59821842 74128974 -23715699 7682304 -21610232 -82942865 2845653 -88162986 -71548960 22345727 34758321 -76109061 -32922892 -73136579 -23853186 -67126875 53561489 96897549 77893899 -86467712 -96771679 39804287 60447724 84557880 -86769825 98407158 40186038 -39266759 -49892434 78303580 3433683\n', '31 41 99996449\n', 0, b'1', '2021-03-21 00:33:20', '2021-03-21 00:33:20');
INSERT INTO `pb_problem_case` VALUES (14, 10, '6\n1\n10\n7\n7\n8\n1\n2\n5\n3\n6\n3\n7\n3\n8\n9\n9\n10\n4\n3\n10\n8\n3\n6\n5\n6\n4\n1\n10\n10\n3\n5\n8\n8\n5\n9\n9\n10\n7\n4\n3\n6\n8\n4\n1\n6\n6\n9\n4\n4\n5\n7\n1\n1\n10\n8\n7\n9\n6\n5\n6\n3\n8\n8\n8\n9\n7\n10\n8\n1\n3\n10\n10\n6\n8\n3\n9\n8\n3\n10\n3\n6\n3\n7\n6\n3\n5\n4\n10\n9\n4\n3\n8\n2\n9\n9\n5\n8\n10\n6\n2\n4\n7\n2\n5\n3\n6\n6\n6\n6\n4\n2\n8\n8\n1\n10\n6\n1\n7\n1\n5\n3\n6\n10\n3\n1\n3\n8\n1\n4\n3\n4\n2\n6\n2\n1\n4\n5\n4\n9\n9\n1\n6\n3\n5\n7\n2\n6\n1\n9\n7\n8\n6\n6\n2\n5\n5\n2\n5\n2\n10\n8\n2\n9\n2\n4\n6\n3\n9\n4\n7\n7\n7\n1\n5\n7\n9\n7\n2\n2\n5\n8\n6\n10\n5\n9\n3\n10\n6\n6\n3\n8\n7\n1\n6\n7\n1\n4\n1\n10\n8\n6\n6\n10\n1\n4\n8\n1\n8\n5\n7\n5\n5\n2\n3\n10\n4\n10\n9\n7\n8\n1\n9\n9\n2\n3\n6\n1\n9\n9\n2\n5\n4\n10\n2\n8\n10\n1\n9\n1\n5\n5\n1\n8\n3\n1\n9\n7\n6\n5\n1\n9\n10\n4\n10\n4\n3\n8\n9\n6\n4\n3\n9\n1\n6\n8\n8\n9\n3\n9\n5\n9\n5\n9\n6\n10\n9\n6\n8\n3\n2\n6\n1\n2\n9\n7\n3\n9\n8\n6\n4\n7\n1\n4\n3\n9\n6\n9\n7\n4\n7\n10\n1\n5\n8\n2\n6\n7\n9\n5\n10\n6\n9\n1\n9\n1\n2\n9\n2\n6\n3\n5\n4\n1\n7\n7\n3\n10\n2\n6\n7\n9\n1\n10\n8\n6\n3\n4\n2\n9\n6\n9\n3\n4\n5\n8\n9\n5\n2\n8\n4\n10\n7\n2\n3\n3\n9\n8\n10\n9\n9\n9\n2\n3\n4\n2\n9\n5\n8\n10\n10\n2\n5\n6\n2\n5\n6\n1\n5\n4\n10\n7\n8\n9\n4\n9\n9\n8\n6\n10\n9\n2\n6\n6\n8\n8\n7\n7\n6\n1\n1\n8\n9\n2\n10\n10\n2\n8\n7\n1\n6\n1\n8\n6\n1\n3\n3\n4\n4\n9\n9\n9\n3\n10\n7\n4\n8\n5\n3\n1\n3\n4\n5\n7\n10\n8\n9\n5\n6\n10\n7\n10\n8\n10\n4\n3\n5\n7\n4\n7\n9\n4\n1\n6\n2\n3\n4\n3\n9\n1\n3\n8\n3\n3\n10\n7\n1\n8\n4\n9\n2\n1\n2\n10\n1\n3\n7\n4\n1\n2\n10\n8\n3\n3\n9\n6\n8\n10\n4\n7\n8\n6\n7\n10\n5\n10\n2\n4\n1\n5\n10\n4\n10\n10\n7\n9\n5\n9\n8\n10\n5\n9\n3\n8\n9\n4\n1\n5\n7\n7\n1\n5\n1\n4\n7\n2\n6\n4\n2\n2\n1\n5\n5\n8\n5\n10\n6\n10\n6\n7\n6\n9\n7\n2\n1\n5\n6\n10\n4\n5\n6\n9\n4\n4\n8\n9\n4\n4\n4\n10\n3\n10\n3\n5\n6\n4\n3\n7\n5\n6\n5\n5\n7\n1\n3\n2\n10\n1\n6\n1\n6\n5\n2\n3\n7\n7\n6\n5\n7\n7\n4\n8\n4\n3\n3\n7\n4\n4\n2\n8\n9\n2\n2\n2\n2\n10\n5\n9\n5\n2\n3\n6\n1\n7\n6\n6\n7\n2\n10\n10\n5\n4\n10\n5\n9\n7\n3\n8\n9\n4\n8\n1\n7\n6\n6\n2\n9\n1\n3\n7\n10\n7\n8\n5\n6\n10\n7\n4\n5\n4\n6\n9\n7\n8\n1\n6\n3\n3\n2\n6\n8\n5\n6\n3\n1\n1\n7\n7\n2\n10\n2\n6\n2\n2\n5\n5\n2\n5\n8\n6\n4\n10\n4\n3\n9\n9\n10\n2\n1\n2\n3\n10\n5\n1\n5\n9\n6\n7\n8\n5\n10\n7\n5\n2\n4\n2\n10\n3\n4\n10\n5\n10\n6\n1\n6\n4\n10\n1\n6\n4\n2\n3\n8\n2\n7\n10\n5\n9\n1\n3\n6\n6\n9\n5\n1\n10\n2\n5\n9\n8\n5\n9\n10\n8\n1\n1\n5\n4\n3\n9\n8\n4\n10\n2\n1\n9\n8\n3\n10\n6\n1\n7\n8\n10\n7\n1\n5\n9\n10\n3\n8\n4\n10\n10\n7\n3\n10\n9\n3\n5\n8\n2\n5\n6\n1\n7\n3\n2\n7\n8\n3\n9\n3\n3\n2\n10\n10\n7\n3\n3\n7\n7\n2\n3\n10\n3\n3\n1\n9\n8\n7\n10\n8\n4\n10\n9\n9\n10\n2\n9\n6\n1\n4\n8\n7\n7\n4\n10\n9\n2\n3\n5\n2\n3\n2\n6\n5\n4\n2\n6\n7\n4\n3\n8\n9\n9\n6\n3\n6\n7\n2\n9\n5\n8\n3\n7\n3\n9\n8\n4\n7\n8\n5\n10\n3\n5\n5\n5\n7\n4\n7\n9\n1\n9\n8\n10\n3\n10\n3\n7\n6\n7\n5\n5\n9\n3\n2\n3\n10\n4\n5\n3\n4\n3\n1\n5\n1\n6\n8\n9\n9\n1\n3\n10\n2\n6\n8\n9\n8\n9\n9\n7\n6\n5\n8\n3\n3\n5\n2\n7\n9\n2\n4\n1\n8\n10\n6\n10\n6\n5\n1\n1\n5\n4\n3\n8\n5\n8\n10\n5\n5\n4\n5\n8\n7\n8\n2\n1\n2\n2\n8\n10\n1\n3\n8\n7\n3\n3\n2\n1\n9\n3\n6\n2\n4\n8\n3\n2\n9\n9\n7\n6\n5\n2\n8\n7\n3\n5\n1\n1\n6\n6\n5\n8\n3\n6\n1\n1\n6\n7\n2\n10\n3\n2\n2\n3\n2\n1\n5\n5\n6\n6\n6\n10\n6\n1\n1\n2\n7\n4\n3\n5\n7\n5\n6\n6\n5\n4\n8\n1\n8\n9\n6\n10\n9\n9\n2\n1\n7\n8\n1\n8\n10\n8\n10\n3\n6\n6\n1\n1\n1\n1\n7\n3\n5\n4\n6\n10\n7\n7\n2\n2\n6\n6\n1\n1\n5\n2\n1\n6\n7\n2\n10\n9\n7\n8\n8\n5\n2\n3\n5\n9\n8\n4\n4\n4\n7\n2\n1\n7\n10\n10\n10\n3\n10\n9\n6\n1\n5\n3\n6\n3\n1\n6\n8\n1\n9\n3\n8\n1\n10\n2\n3\n6\n6\n10\n5\n5\n2\n7\n10\n1\n4\n6\n8\n2\n10\n10\n2\n9\n3\n9\n8\n10\n9\n6\n8\n4\n3\n5\n2\n4\n8\n2\n8\n3\n6\n4\n10\n3\n3\n9\n3\n1\n8\n1\n6\n7\n6\n5\n8\n1\n7\n8\n6\n7\n6\n2\n7\n7\n3\n5\n4\n2\n5\n2\n6\n10\n1\n3\n6\n2\n2\n4\n3\n6\n9\n3\n3\n7\n8\n2\n1\n3\n6\n8\n7\n8\n6\n6\n3\n6\n7\n3\n4\n6\n2\n4\n5\n9\n5\n3\n6\n10\n7\n8\n3\n5\n9\n10\n3\n6\n4\n7\n5\n10\n8\n9\n5\n4\n7\n9\n2\n9\n4\n3\n1\n6\n9\n7\n3\n8\n10\n2\n1\n8\n10\n2\n5\n5\n6\n6\n6\n6\n6\n7\n10\n1\n1\n8\n8\n2\n9\n6\n9\n3\n8\n3\n2\n1\n9\n3\n3\n4\n3\n10\n6\n1\n8\n4\n4\n10\n4\n6\n1\n10\n9\n10\n7\n4\n10\n2\n2\n1\n3\n4\n5\n6\n10\n2\n7\n7\n2\n4\n2\n9\n10\n4\n7\n9\n3\n3\n2\n1\n6\n4\n9\n10\n8\n5\n3\n10\n4\n6\n7\n9\n4\n5\n3\n3\n7\n3\n7\n10\n5\n5\n3\n2\n8\n9\n3\n3\n5\n3\n5\n8\n2\n6\n5\n5\n5\n8\n5\n2\n4\n3\n9\n2\n4\n3\n7\n9\n4\n4\n6\n5\n5\n6\n9\n4\n10\n10\n2\n6\n7\n8\n6\n3\n3\n8\n5\n6\n9\n10\n3\n9\n6\n1\n1\n7\n1\n7\n2\n8\n3\n10\n8\n3\n1\n7\n7\n7\n7\n4\n1\n2\n9\n10\n2\n4\n10\n9\n1\n1\n6\n3\n3\n1\n8\n8\n5\n7\n6\n6\n1\n4\n7\n2\n7\n6\n10\n8\n7\n8\n9\n7\n10\n6\n5\n7\n8\n1\n8\n7\n2\n10\n1\n7\n3\n6\n4\n8\n9\n5\n2\n1\n9\n4\n5\n6\n8\n3\n8\n5\n4\n6\n8\n2\n10\n1\n2\n1\n8\n6\n6\n6\n9\n3\n10\n1\n6\n9\n10\n8\n3\n4\n7\n2\n4\n2\n8\n8\n10\n5\n3\n2\n4\n8\n3\n3\n8\n5\n3\n10\n6\n8\n9\n3\n8\n6\n4\n5\n9\n6\n5\n10\n8\n4\n4\n4\n10\n7\n2\n1\n4\n6\n6\n1\n7\n8\n4\n5\n9\n10\n4\n8\n1\n4\n8\n4\n4\n9\n10\n1\n6\n3\n10\n4\n1\n2\n2\n1\n6\n7\n7\n4\n4\n9\n7\n4\n6\n5\n4\n2\n4\n4\n3\n8\n9\n3\n8\n10\n9\n9\n1\n5\n7\n10\n2\n4\n5\n1\n2\n1\n10\n3\n1\n4\n6\n7\n7\n2\n1\n9\n8\n9\n6\n3\n5\n10\n7\n9\n7\n5\n8\n8\n3\n2\n9\n7\n7\n7\n10\n10\n2\n4\n9\n2\n9\n8\n4\n9\n5\n1\n2\n1\n2\n9\n2\n5\n7\n3\n7\n6\n4\n8\n2\n1\n9\n5\n9\n2\n7\n2\n7\n4\n5\n7\n6\n7\n6\n10\n4\n7\n9\n5\n2\n5\n7\n6\n8\n5\n9\n4\n6\n10\n8\n1\n8\n5\n8\n1\n9\n3\n10\n10\n10\n10\n3\n8\n6\n6\n9\n3\n1\n7\n2\n1\n3\n7\n6\n9\n8\n10\n4\n8\n6\n5\n6\n1\n3\n10\n4\n7\n4\n7\n1\n5\n1\n4\n7\n3\n9\n8\n9\n5\n6\n1\n1\n4\n7\n9\n6\n9\n6\n10\n7\n3\n5\n2\n7\n6\n7\n1\n10\n1\n7\n9\n4\n5\n2\n3\n10\n7\n7\n3\n4\n2\n6\n4\n2\n3\n9\n7\n10\n4\n8\n7\n6\n9\n9\n3\n4\n3\n3\n8\n1\n7\n5\n3\n5\n8\n5\n9\n9\n3\n10\n7\n6\n2\n6\n3\n10\n3\n4\n4\n7\n9\n9\n3\n5\n2\n5\n3\n6\n7\n2\n6\n5\n9\n7\n6\n10\n3\n7\n10\n8\n6\n10\n1\n7\n3\n1\n8\n9\n8\n10\n6\n6\n7\n3\n7\n8\n5\n8\n1\n10\n1\n4\n3\n3\n5\n6\n9\n5\n7\n1\n7\n8\n6\n4\n6\n4\n4\n2\n4\n7\n9\n7\n8\n2\n3\n4\n3\n8\n1\n3\n2\n6\n5\n5\n8\n9\n8\n2\n3\n1\n10\n3\n9\n5\n9\n3\n10\n1\n4\n10\n4\n7\n6\n1\n1\n3\n2\n1\n2\n6\n2\n9\n10\n8\n7\n5\n6\n1\n5\n5\n6\n9\n3\n10\n8\n6\n3\n4\n3\n3\n1\n9\n8\n5\n1\n1\n4\n6\n10\n5\n1\n8\n2\n9\n3\n4\n3\n7\n10\n5\n2\n6\n7\n2\n5\n10\n5\n9\n1\n2\n6\n5\n6\n6\n4\n1\n7\n1\n7\n4\n3\n4\n8\n6\n2\n1\n7\n4\n2\n4\n2\n1\n7\n7\n9\n10\n9\n9\n7\n10\n9\n10\n8\n2\n8\n10\n3\n7\n1\n7\n10\n10\n4\n7\n5\n3\n2\n10\n8\n1\n1\n5\n4\n1\n9\n4\n1\n9\n10\n9\n5\n5\n1\n10\n1\n6\n6\n6\n6\n2\n6\n8\n4\n6\n6\n6\n8\n4\n8\n4\n10\n4\n2\n6\n8\n6\n7\n3\n5\n3\n9\n9\n2\n2\n4\n7\n10\n7\n2\n9\n5\n2\n5\n9\n2\n8\n5\n7\n9\n1\n5\n9\n2\n6\n8\n3\n8\n10\n7\n7\n3\n4\n3\n1\n8\n4\n3\n8\n4\n9\n6\n8\n9\n8\n5\n1\n1\n3\n9\n3\n6\n10\n10\n7\n9\n6\n3\n3\n4\n4\n2\n6\n7\n10\n2\n6\n6\n8\n7\n4\n2\n9\n2\n10\n5\n7\n10\n3\n7\n3\n3\n1\n3\n9\n10\n10\n5\n6\n5\n6\n4\n8\n4\n9\n10\n6\n10\n6\n3\n7\n9\n9\n6\n6\n8\n9\n7\n7\n7\n10\n7\n5\n2\n6\n8\n4\n8\n5\n5\n2\n10\n10\n5\n4\n3\n8\n9\n1\n4\n10\n6\n6\n6\n5\n4\n5\n6\n9\n6\n1\n10\n8\n9\n10\n2\n9\n7\n8\n4\n10\n5\n6\n7\n8\n5\n2\n6\n10\n2\n3\n3\n1\n4\n6\n5\n4\n3\n5\n1\n2\n5\n1\n3\n5\n10\n2\n6\n5\n7\n4\n7\n7\n3\n6\n4\n6\n9\n8\n5\n9\n6\n6\n7\n6\n2\n1\n5\n6\n9\n1\n7\n3\n3\n10\n6\n9\n4\n8\n4\n9\n9\n9\n8\n4\n9\n7\n4\n8\n2\n7\n10\n5\n8\n9\n4\n2\n8\n8\n3\n6\n8\n2\n9\n3\n5\n8\n1\n7\n5\n1\n8\n8\n2\n5\n10\n10\n4\n7\n2\n6\n6\n3\n5\n9\n3\n5\n9\n2\n9\n7\n4\n7\n4\n3\n7\n7\n3\n7\n5\n9\n9\n6\n2\n5\n8\n6\n6\n3\n5\n6\n3\n1\n4\n5\n1\n4\n8\n1\n8\n3\n5\n1\n7\n7\n5\n1\n3\n2\n3\n4\n10\n8\n8\n8\n10\n9\n1\n5\n2\n1\n3\n3\n8\n5\n5\n2\n4\n9\n8\n4\n7\n4\n6\n3\n7\n6\n7\n2\n1\n7\n6\n8\n7\n3\n1\n1\n4\n10\n5\n3\n10\n1\n6\n4\n2\n3\n6\n9\n10\n8\n7\n5\n7\n3\n7\n7\n4\n3\n7\n4\n7\n10\n8\n5\n4\n5\n4\n2\n10\n8\n1\n1\n1\n6\n2\n4\n4\n9\n3\n1\n5\n3\n2\n8\n8\n7\n6\n9\n6\n6\n1\n6\n7\n6\n1\n3\n8\n4\n4\n7\n3\n7\n1\n2\n5\n7\n6\n7\n9\n7\n6\n6\n2\n4\n6\n8\n5\n1\n1\n6\n5\n9\n10\n5\n10\n8\n7\n9\n9\n5\n8\n8\n2\n9\n2\n5\n1\n8\n3\n10\n4\n4\n5\n10\n8\n4\n10\n6\n2\n8\n5\n2\n7\n6\n10\n6\n8\n10\n3\n6\n7\n9\n6\n7\n5\n5\n2\n7\n10\n6\n10\n1\n8\n7\n8\n10\n1\n4\n9\n3\n8\n1\n3\n10\n10\n7\n8\n5\n6\n7\n1\n6\n2\n10\n6\n5\n8\n8\n6\n2\n5\n1\n9\n7\n6\n8\n1\n10\n4\n9\n9\n10\n9\n3\n4\n6\n4\n5\n7\n9\n9\n6\n5\n9\n9\n3\n7\n3\n10\n1\n6\n9\n2\n2\n6\n5\n2\n1\n5\n10\n9\n2\n1\n8\n2\n7\n7\n6\n4\n3\n3\n10\n2\n9\n1\n5\n6\n3\n5\n5\n9\n5\n5\n5\n3\n2\n4\n10\n2\n8\n7\n3\n9\n3\n8\n8\n4\n1\n1\n5\n3\n2\n7\n9\n9\n3\n3\n2\n5\n3\n8\n5\n10\n8\n9\n10\n7\n2\n4\n5\n7\n9\n10\n4\n8\n2\n7\n2\n5\n2\n2\n4\n9\n1\n4\n2\n9\n5\n8\n6\n6\n3\n4\n7\n8\n8\n10\n1\n7\n5\n4\n3\n6\n7\n1\n10\n8\n10\n8\n3\n2\n8\n4\n10\n3\n4\n9\n7\n1\n1\n4\n3\n4\n10\n10\n6\n9\n3\n1\n7\n7\n10\n7\n2\n8\n10\n2\n6\n6\n7\n8\n1\n10\n1\n7\n7\n2\n10\n3\n4\n8\n7\n5\n1\n5\n7\n7\n7\n3\n2\n5\n10\n3\n8\n6\n9\n3\n9\n6\n9\n2\n10\n4\n3\n2\n2\n2\n6\n10\n3\n5\n9\n8\n2\n5\n2\n7\n7\n10\n6\n10\n6\n7\n4\n9\n5\n1\n3\n7\n1\n3\n4\n10\n5\n1\n8\n8\n1\n4\n5\n10\n6\n9\n7\n6\n10\n10\n5\n4\n6\n1\n5\n7\n2\n3\n1\n5\n1\n5\n5\n1\n1\n1\n4\n2\n9\n7\n3\n4\n6\n4\n1\n9\n5\n7\n4\n10\n8\n2\n7\n7\n5\n1\n7\n7\n1\n6\n2\n2\n9\n7\n5\n3\n1\n8\n8\n9\n1\n4\n10\n7\n2\n10\n6\n8\n6\n9\n6\n5\n2\n4\n6\n7\n2\n9\n1\n10\n1\n7\n10\n5\n9\n6\n1\n6\n6\n2\n10\n4\n8\n10\n6\n6\n1\n2\n8\n10\n5\n2\n10\n3\n1\n8\n6\n1\n1\n5\n2\n5\n2\n9\n1\n6\n2\n4\n8\n2\n4\n4\n7\n4\n3\n10\n8\n6\n4\n10\n10\n5\n6\n9\n4\n2\n5\n10\n4\n1\n2\n2\n3\n4\n10\n10\n9\n4\n6\n4\n10\n5\n10\n5\n10\n8\n3\n2\n5\n9\n1\n4\n2\n3\n6\n3\n10\n5\n1\n7\n5\n10\n7\n7\n2\n1\n1\n2\n2\n5\n1\n8\n1\n5\n10\n6\n9\n9\n1\n7\n2\n7\n5\n10\n2\n5\n7\n2\n5\n9\n5\n1\n7\n5\n8\n3\n7\n8\n9\n8\n3\n6\n3\n7\n5\n7\n9\n7\n9\n3\n1\n5\n4\n10\n4\n8\n7\n3\n1\n5\n2\n6\n7\n2\n9\n3\n6\n7\n6\n6\n5\n4\n10\n5\n6\n1\n2\n8\n1\n9\n8\n4\n4\n1\n1\n10\n7\n9\n9\n9\n3\n2\n1\n8\n7\n9\n9\n8\n5\n2\n2\n4\n1\n10\n5\n4\n10\n8\n6\n6\n1\n3\n5\n4\n8\n8\n4\n10\n5\n6\n4\n1\n4\n5\n5\n8\n6\n8\n6\n3\n5\n9\n7\n9\n8\n2\n10\n4\n6\n3\n6\n5\n9\n9\n1\n9\n5\n6\n10\n8\n1\n4\n2\n3\n9\n1\n10\n3\n8\n9\n9\n2\n4\n5\n5\n8\n9\n8\n5\n6\n7\n3\n6\n7\n7\n2\n6\n3\n8\n9\n2\n6\n4\n1\n10\n8\n7\n7\n3\n8\n6\n1\n2\n4\n3\n6\n9\n10\n2\n9\n4\n1\n9\n6\n1\n10\n6\n4\n1\n9\n8\n7\n5\n9\n7\n7\n3\n7\n6\n8\n2\n3\n7\n2\n8\n10\n1\n5\n3\n8\n5\n6\n1\n9\n8\n7\n1\n6\n7\n6\n2\n1\n9\n9\n4\n5\n5\n9\n5\n6\n2\n7\n1\n1\n10\n10\n9\n1\n1\n7\n4\n3\n1\n6\n10\n3\n7\n5\n2\n7\n10\n5\n2\n6\n10\n7\n8\n6\n6\n10\n9\n1\n4\n1\n6\n10\n1\n10\n7\n4\n9\n4\n9\n9\n5\n3\n3\n6\n5\n9\n5\n5\n8\n10\n6\n7\n7\n9\n5\n10\n6\n5\n8\n5\n5\n9\n5\n4\n2\n6\n2\n10\n1\n3\n2\n8\n2\n9\n5\n3\n5\n1\n6\n8\n9\n6\n1\n6\n6\n5\n7\n9\n4\n10\n4\n6\n8\n1\n3\n1\n1\n6\n3\n8\n2\n2\n7\n8\n1\n5\n1\n4\n8\n9\n5\n1\n9\n10\n8\n8\n3\n3\n2\n5\n5\n7\n8\n7\n10\n6\n4\n2\n3\n4\n3\n3\n5\n5\n9\n4\n3\n2\n9\n7\n7\n3\n10\n10\n6\n5\n3\n8\n9\n9\n9\n8\n5\n1\n9\n8\n7\n2\n2\n3\n10\n4\n1\n6\n5\n3\n9\n4\n5\n2\n9\n4\n5\n10\n4\n7\n8\n7\n9\n8\n2\n7\n5\n2\n8\n2\n7\n5\n8\n1\n5\n6\n6\n2\n4\n9\n9\n4\n1\n3\n3\n8\n4\n5\n5\n9\n1\n10\n10\n9\n7\n3\n1\n5\n3\n4\n8\n5\n1\n8\n5\n3\n5\n2\n3\n10\n5\n5\n5\n2\n1\n1\n10\n3\n1\n9\n9\n9\n10\n3\n2\n6\n2\n1\n9\n7\n8\n2\n5\n1\n1\n2\n5\n8\n3\n5\n9\n10\n9\n5\n8\n7\n1\n7\n7\n10\n1\n7\n1\n1\n2\n10\n3\n5\n7\n6\n4\n4\n5\n7\n1\n4\n2\n5\n5\n2\n10\n3\n9\n8\n1\n4\n2\n6\n1\n9\n9\n4\n9\n1\n1\n6\n2\n7\n7\n7\n8\n2\n10\n2\n2\n1\n10\n2\n5\n2\n1\n1\n8\n2\n8\n4\n8\n10\n6\n5\n7\n8\n3\n8\n2\n3\n10\n5\n7\n6\n4\n3\n3\n2\n9\n10\n4\n9\n8\n4\n2\n4\n3\n10\n4\n3\n4\n9\n2\n7\n9\n2\n8\n8\n1\n3\n9\n10\n8\n1\n1\n9\n9\n6\n5\n3\n1\n5\n10\n3\n5\n1\n8\n6\n9\n1\n3\n10\n5\n3\n5\n1\n5\n2\n4\n7\n8\n2\n9\n1\n7\n1\n3\n7\n3\n2\n9\n2\n6\n6\n8\n3\n6\n8\n9\n8\n7\n8\n3\n9\n9\n10\n10\n2\n9\n10\n8\n7\n9\n1\n7\n9\n6\n4\n2\n2\n3\n7\n6\n3\n7\n6\n3\n3\n4\n8\n2\n7\n7\n5\n8\n3\n6\n9\n4\n9\n8\n5\n3\n7\n7\n4\n6\n2\n9\n4\n9\n3\n1\n10\n7\n10\n6\n5\n9\n6\n5\n3\n8\n4\n4\n7\n2\n1\n8\n8\n5\n7\n5\n3\n2\n10\n2\n10\n2\n5\n7\n8\n1\n5\n6\n1\n6\n2\n10\n9\n2\n3\n4\n4\n10\n2\n7\n1\n5\n3\n5\n4\n7\n9\n6\n2\n10\n1\n10\n9\n10\n1\n4\n10\n1\n3\n1\n6\n10\n8\n4\n7\n6\n9\n10\n6\n8\n7\n8\n6\n10\n2\n4\n9\n9\n5\n5\n7\n6\n1\n8\n10\n2\n5\n8\n10\n8\n10\n7\n9\n6\n2\n3\n4\n7\n5\n5\n2\n6\n7\n10\n9\n10\n6\n10\n10\n4\n2\n8\n10\n4\n10\n4\n3\n4\n6\n4\n10\n7\n9\n9\n5\n4\n5\n9\n4\n6\n2\n5\n5\n10\n5\n7\n2\n6\n6\n6\n7\n8\n6\n1\n6\n6\n3\n3\n6\n3\n6\n4\n10\n1\n5\n3\n9\n10\n9\n6\n10\n10\n10\n5\n7\n6\n1\n7\n1\n1\n9\n8\n5\n7\n7\n1\n7\n8\n1\n6\n8\n3\n3\n5\n4\n4\n9\n5\n8\n4\n8\n2\n9\n6\n6\n2\n3\n3\n6\n6\n10\n5\n9\n5\n7\n3\n9\n8\n9\n2\n2\n2\n2\n6\n8\n8\n5\n4\n1\n2\n5\n7\n2\n4\n1\n2\n8\n4\n3\n9\n5\n9\n8\n2\n9\n1\n2\n3\n9\n10\n1\n3\n9\n1\n4\n10\n4\n5\n9\n4\n7\n3\n10\n9\n9\n9\n10\n5\n4\n7\n1\n9\n3\n7\n9\n4\n1\n3\n6\n9\n5\n3\n2\n5\n10\n7\n2\n7\n9\n2\n10\n4\n10\n2\n8\n5\n2\n1\n3\n8\n2\n8\n5\n5\n10\n9\n10\n4\n9\n8\n7\n6\n9\n2\n10\n7\n10\n5\n10\n2\n9\n9\n2\n2\n3\n7\n7\n1\n8\n5\n1\n5\n7\n8\n4\n10\n1\n8\n5\n6\n8\n2\n9\n2\n3\n2\n6\n6\n9\n3\n9\n6\n2\n7\n6\n9\n1\n2\n2\n9\n7\n9\n6\n3\n9\n6\n2\n7\n10\n4\n1\n1\n9\n7\n2\n2\n10\n8\n5\n9\n6\n1\n1\n7\n2\n3\n8\n6\n5\n6\n9\n9\n8\n10\n6\n10\n6\n2\n2\n10\n8\n7\n7\n7\n9\n10\n6\n1\n4\n1\n3\n4\n2\n9\n9\n4\n6\n6\n10\n3\n4\n4\n1\n8\n6\n1\n2\n4\n5\n10\n1\n1\n10\n5\n1\n1\n3\n1\n7\n8\n9\n4\n5\n2\n9\n5\n3\n1\n10\n8\n5\n2\n4\n6\n10\n1\n4\n9\n7\n5\n7\n9\n5\n5\n3\n3\n8\n9\n5\n9\n9\n2\n10\n5\n4\n7\n9\n10\n8\n10\n2\n5\n6\n4\n1\n9\n2\n8\n4\n6\n4\n3\n9\n9\n8\n1\n9\n10\n8\n2\n7\n5\n10\n9\n4\n7\n4\n1\n5\n5\n4\n8\n9\n4\n7\n7\n3\n4\n9\n5\n10\n3\n3\n8\n5\n3\n3\n10\n2\n10\n6\n9\n10\n1\n3\n7\n6\n9\n3\n10\n9\n6\n10\n6\n10\n7\n9\n2\n5\n9\n2\n10\n2\n5\n6\n6\n8\n6\n3\n5\n7\n8\n4\n4\n2\n6\n4\n8\n8\n9\n3\n4\n6\n10\n6\n3\n1\n9\n10\n6\n5\n3\n2\n3\n1\n2\n7\n8\n1\n6\n6\n4\n2\n4\n7\n8\n3\n1\n4\n1\n7\n7\n1\n2\n6\n7\n10\n9\n10\n9\n4\n9\n10\n5\n6\n7\n2\n9\n1\n2\n7\n4\n8\n2\n1\n2\n10\n1\n8\n7\n9\n3\n7\n8\n10\n5\n6\n2\n4\n7\n1\n2\n3\n9\n6\n3\n5\n6\n5\n8\n7\n2\n10\n10\n3\n8\n10\n9\n3\n7\n7\n7\n8\n1\n1\n6\n6\n7\n7\n9\n6\n3\n9\n1\n5\n2\n1\n7\n3\n2\n10\n7\n3\n4\n6\n9\n2\n3\n2\n9\n6\n6\n10\n5\n4\n7\n4\n10\n7\n5\n1\n2\n8\n6\n8\n2\n7\n4\n4\n5\n4\n8\n2\n2\n10\n10\n6\n5\n10\n10\n8\n10\n3\n4\n6\n9\n10\n7\n5\n4\n5\n2\n6\n8\n9\n7\n10\n9\n7\n3\n3\n3\n5\n3\n8\n3\n5\n1\n1\n4\n7\n4\n10\n6\n9\n4\n1\n4\n8\n6\n6\n8\n5\n6\n5\n8\n8\n4\n3\n6\n8\n9\n8\n10\n8\n5\n1\n4\n10\n8\n7\n4\n2\n7\n5\n10\n6\n3\n7\n2\n9\n4\n4\n3\n5\n10\n9\n1\n7\n2\n2\n3\n7\n7\n3\n3\n4\n5\n8\n5\n8\n9\n5\n10\n4\n6\n7\n10\n10\n10\n1\n5\n9\n8\n1\n8\n3\n2\n9\n2\n9\n3\n4\n7\n5\n10\n10\n5\n1\n1\n8\n8\n4\n8\n8\n4\n7\n1\n1\n8\n4\n8\n4\n10\n4\n3\n6\n10\n4\n7\n7\n2\n9\n7\n9\n4\n2\n5\n2\n10\n9\n8\n6\n9\n6\n10\n7\n3\n1\n3\n4\n6\n6\n8\n10\n7\n3\n4\n5\n3\n5\n4\n2\n3\n10\n5\n4\n8\n8\n1\n7\n9\n9\n5\n6\n6\n10\n7\n2\n2\n1\n2\n6\n10\n9\n3\n8\n3\n6\n1\n9\n1\n1\n1\n10\n2\n4\n2\n1\n4\n2\n2\n7\n5\n4\n5\n7\n1\n9\n6\n3\n2\n5\n2\n10\n10\n9\n10\n3\n6\n6\n3\n7\n10\n9\n1\n7\n6\n6\n10\n3\n7\n2\n8\n4\n4\n3\n8\n1\n4\n1\n2\n3\n8\n7\n10\n10\n10\n3\n5\n10\n9\n7\n4\n2\n10\n4\n7\n9\n9\n4\n5\n10\n10\n2\n9\n10\n6\n7\n5\n6\n9\n2\n7\n4\n8\n8\n8\n4\n3\n9\n10\n9\n4\n9\n7\n3\n9\n7\n1\n1\n8\n10\n6\n1\n2\n10\n6\n2\n2\n7\n5\n6\n9\n10\n10\n2\n9\n5\n6\n8\n1\n7\n10\n8\n10\n3\n5\n1\n2\n1\n1\n6\n4\n7\n8\n9\n6\n8\n2\n3\n6\n9\n7\n6\n2\n3\n2\n7\n7\n1\n1\n9\n7\n9\n3\n5\n5\n8\n8\n7\n5\n6\n5\n10\n9\n1\n1\n9\n3\n10\n8\n2\n4\n1\n7\n9\n10\n8\n2\n4\n9\n5\n6\n10\n4\n8\n9\n1\n5\n4\n7\n6\n3\n2\n9\n10\n10\n3\n3\n9\n9\n2\n7\n3\n10\n5\n3\n10\n1\n8\n4\n1\n2\n4\n7\n7\n6\n2\n8\n9\n10\n6\n7\n5\n4\n4\n2\n6\n4\n5\n10\n1\n3\n10\n4\n1\n6\n7\n2\n10\n4\n9\n9\n5\n10\n5\n3\n4\n10\n6\n3\n1\n1\n6\n9\n2\n10\n10\n4\n1\n4\n2\n9\n4\n5\n9\n4\n9\n10\n3\n2\n3\n5\n9\n9\n1\n5\n3\n4\n6\n9\n7\n1\n6\n9\n9\n5\n5\n9\n5\n9\n5\n10\n10\n5\n9\n3\n5\n3\n7\n3\n5\n2\n5\n9\n9\n3\n5\n9\n9\n2\n4\n5\n2\n1\n4\n5\n8\n4\n6\n2\n1\n2\n1\n9\n4\n5\n3\n7\n10\n9\n4\n4\n7\n4\n6\n6\n1\n4\n3\n2\n8\n5\n2\n1\n4\n5\n7\n8\n9\n2\n7\n3\n4\n6\n1\n3\n8\n10\n8\n10\n3\n8\n5\n10\n3\n1\n2\n3\n1\n3\n7\n3\n5\n7\n5\n5\n5\n4\n8\n10\n1\n2\n9\n1\n10\n7\n9\n9\n1\n3\n7\n1\n9\n6\n10\n10\n6\n6\n7\n5\n5\n8\n9\n4\n10\n9\n9\n10\n1\n8\n5\n4\n4\n2\n1\n10\n5\n4\n4\n10\n9\n4\n7\n5\n3\n4\n2\n5\n8\n10\n8\n10\n1\n5\n5\n1\n8\n4\n2\n9\n3\n4\n8\n5\n1\n7\n4\n2\n4\n3\n7\n6\n6\n10\n7\n8\n1\n8\n2\n7\n7\n6\n2\n10\n6\n2\n1\n9\n9\n1\n6\n5\n6\n8\n5\n3\n7\n4\n6\n8\n2\n3\n5\n8\n9\n3\n9\n8\n10\n6\n8\n6\n8\n5\n9\n2\n1\n1\n2\n7\n10\n3\n5\n9\n1\n3\n4\n5\n9\n8\n10\n1\n1\n3\n6\n7\n5\n3\n7\n6\n10\n5\n10\n5\n5\n2\n7\n1\n10\n1\n2\n4\n4\n5\n6\n1\n3\n10\n5\n9\n6\n7\n9\n10\n6\n10\n2\n4\n4\n4\n3\n4\n7\n6\n10\n8\n2\n2\n6\n5\n10\n2\n2\n8\n9\n4\n9\n8\n10\n5\n9\n4\n9\n7\n10\n2\n7\n9\n2\n7\n6\n3\n9\n2\n3\n10\n8\n6\n1\n10\n2\n9\n4\n3\n10\n4\n9\n6\n7\n10\n4\n3\n8\n3\n7\n9\n5\n7\n10\n8\n9\n3\n6\n4\n10\n8\n6\n7\n4\n9\n4\n3\n1\n1\n2\n8\n5\n9\n3\n7\n8\n9\n9\n8\n10\n3\n7\n5\n5\n7\n4\n10\n2\n4\n4\n1\n10\n7\n7\n1\n9\n4\n3\n3\n6\n3\n9\n10\n9\n4\n6\n7\n4\n6\n3\n5\n7\n3\n7\n6\n5\n5\n2\n4\n8\n2\n3\n5\n4\n9\n2\n4\n9\n5\n7\n9\n1\n3\n4\n10\n2\n4\n8\n2\n9\n6\n4\n1\n8\n5\n10\n4\n5\n4\n8\n6\n3\n10\n8\n10\n10\n2\n2\n2\n8\n3\n5\n4\n6\n8\n7\n5\n7\n9\n1\n10\n2\n5\n5\n7\n7\n4\n9\n6\n3\n5\n2\n7\n7\n3\n10\n8\n8\n4\n2\n7\n9\n2\n6\n8\n4\n10\n9\n2\n6\n2\n3\n9\n9\n9\n5\n8\n3\n10\n6\n4\n9\n10\n8\n6\n2\n5\n10\n6\n2\n5\n3\n10\n3\n8\n1\n6\n3\n10\n7\n1\n7\n8\n6\n2\n2\n7\n3\n9\n4\n5\n9\n1\n5\n4\n5\n7\n5\n2\n7\n6\n5\n7\n10\n5\n8\n8\n9\n3\n1\n7\n3\n2\n7\n2\n3\n6\n7\n7\n9\n1\n1\n8\n1\n10\n2\n3\n2\n9\n8\n4\n5\n3\n9\n4\n1\n9\n2\n8\n9\n3\n3\n2\n7\n4\n10\n6\n7\n7\n2\n7\n6\n1\n3\n2\n1\n4\n4\n8\n10\n1\n8\n3\n10\n4\n2\n10\n8\n4\n1\n6\n1\n4\n4\n5\n9\n1\n4\n3\n6\n10\n7\n10\n4\n3\n5\n7\n1\n10\n7\n8\n4\n8\n2\n9\n8\n2\n10\n8\n1\n2\n3\n9\n3\n10\n1\n2\n10\n5\n9\n3\n10\n3\n5\n6\n8\n7\n6\n4\n3\n1\n8\n6\n10\n7\n4\n5\n5\n4\n9\n4\n5\n3\n6\n4\n10\n3\n3\n10\n1\n2\n5\n5\n5\n9\n1\n2\n3\n9\n1\n10\n1\n8\n9\n10\n3\n10\n6\n3\n1\n6\n4\n4\n9\n7\n8\n3\n10\n1\n8\n1\n8\n3\n4\n5\n4\n10\n10\n9\n6\n5\n4\n2\n10\n3\n10\n7\n7\n10\n3\n1\n1\n10\n7\n4\n5\n10\n8\n9\n7\n3\n10\n9\n8\n6\n1\n8\n3\n5\n7\n7\n1\n4\n4\n4\n1\n7\n6\n8\n3\n6\n4\n9\n4\n10\n10\n8\n2\n10\n3\n10\n5\n7\n10\n4\n10\n5\n1\n10\n8\n1\n10\n9\n2\n4\n1\n5\n9\n8\n3\n1\n4\n1\n6\n9\n3\n2\n7\n6\n6\n4\n4\n5\n6\n9\n6\n6\n7\n10\n4\n10\n7\n10\n5\n1\n7\n9\n7\n8\n6\n3\n1\n9\n6\n3\n10\n6\n5\n3\n4\n10\n2\n9\n7\n5\n7\n6\n4\n3\n8\n5\n8\n4\n8\n1\n7\n8\n2\n6\n8\n2\n5\n2\n5\n10\n9\n7\n9\n1\n6\n10\n9\n2\n5\n6\n9\n1\n9\n6\n6\n8\n8\n2\n1\n7\n2\n4\n7\n4\n1\n2\n6\n3\n8\n6\n6\n8\n6\n5\n6\n7\n1\n1\n7\n9\n5\n6\n1\n1\n5\n9\n6\n8\n6\n9\n8\n6\n6\n8\n5\n1\n10\n1\n4\n10\n5\n6\n5\n5\n4\n5\n8\n3\n8\n2\n5\n6\n3\n8\n4\n7\n4\n10\n9\n2\n4\n10\n1\n2\n8\n10\n8\n2\n8\n1\n3\n1\n9\n10\n8\n9\n10\n8\n4\n5\n2\n4\n5\n1\n4\n8\n6\n9\n3\n5\n7\n7\n10\n8\n1\n7\n4\n9\n4\n7\n2\n5\n3\n6\n4\n10\n9\n2\n6\n3\n8\n4\n3\n3\n7\n7\n2\n7\n3\n2\n8\n7\n5\n2\n6\n8\n4\n10\n6\n10\n7\n4\n1\n3\n5\n10\n8\n1\n6\n10\n1\n3\n3\n2\n1\n3\n9\n3\n2\n9\n4\n4\n9\n8\n6\n6\n4\n6\n4\n2\n1\n2\n4\n4\n2\n10\n4\n2\n3\n5\n9\n9\n7\n3\n3\n9\n2\n5\n10\n10\n10\n7\n2\n7\n1\n1\n7\n4\n5\n2\n6\n10\n10\n10\n10\n2\n3\n1\n7\n8\n5\n4\n7\n5\n6\n1\n7\n1\n3\n1\n3\n4\n9\n1\n3\n8\n2\n9\n5\n10\n10\n3\n6\n10\n1\n8\n2\n6\n6\n6\n3\n2\n1\n3\n2\n2\n5\n4\n2\n4\n1\n6\n3\n10\n8\n3\n7\n4\n8\n3\n10\n3\n4\n4\n3\n1\n6\n7\n8\n4\n1\n9\n6\n9\n9\n4\n8\n1\n2\n5\n1\n6\n2\n3\n1\n7\n1\n4\n7\n4\n4\n4\n7\n4\n3\n3\n2\n9\n1\n8\n9\n1\n1\n6\n7\n8\n1\n7\n6\n2\n4\n9\n3\n4\n1\n9\n9\n1\n5\n8\n4\n7\n6\n8\n7\n6\n5\n6\n1\n6\n9\n6\n1\n3\n1\n3\n7\n3\n3\n7\n2\n9\n7\n9\n6\n2\n5\n5\n2\n10\n3\n4\n9\n4\n10\n6\n6\n1\n5\n6\n6\n3\n9\n9\n1\n6\n3\n1\n4\n10\n6\n10\n1\n1\n5\n8\n2\n5\n10\n8\n5\n8\n2\n2\n2\n6\n10\n2\n4\n4\n5\n7\n2\n9\n9\n6\n10\n4\n1\n6\n10\n6\n8\n5\n6\n7\n8\n7\n9\n1\n7\n4\n10\n9\n10\n3\n4\n1\n7\n1\n10\n10\n4\n6\n7\n3\n3\n3\n3\n7\n10\n10\n8\n6\n1\n1\n4\n1\n4\n3\n4\n3\n3\n6\n1\n10\n9\n3\n4\n5\n4\n1\n7\n3\n6\n1\n8\n7\n5\n7\n1\n8\n10\n5\n8\n8\n2\n8\n7\n9\n3\n10\n6\n1\n2\n6\n7\n10\n8\n6\n9\n1\n4\n9\n9\n1\n5\n7\n1\n8\n10\n7\n10\n6\n2\n4\n3\n9\n10\n9\n1\n5\n7\n2\n1\n4\n10\n2\n6\n5\n5\n3\n3\n2\n2\n2\n8\n2\n4\n8\n7\n7\n4\n7\n3\n5\n10\n4\n1\n10\n9\n4\n3\n8\n6\n7\n2\n9\n5\n10\n1\n1\n4\n1\n7\n2\n3\n3\n3\n8\n2\n9\n10\n1\n2\n3\n1\n3\n9\n1\n6\n1\n1\n9\n1\n10\n10\n2\n6\n2\n3\n6\n4\n6\n4\n7\n2\n9\n3\n2\n1\n6\n1\n1\n3\n9\n6\n4\n7\n6\n7\n10\n7\n2\n3\n10\n5\n3\n9\n5\n4\n1\n3\n1\n6\n2\n2\n10\n6\n7\n5\n2\n8\n4\n5\n9\n4\n7\n3\n9\n9\n5\n3\n9\n8\n4\n1\n7\n10\n9\n6\n8\n7\n3\n9\n6\n10\n10\n3\n6\n1\n8\n5\n8\n9\n10\n10\n8\n7\n1\n8\n3\n6\n9\n6\n10\n8\n8\n2\n2\n6\n4\n7\n4\n10\n9\n6\n1\n7\n2\n6\n5\n7\n7\n6\n6\n3\n2\n2\n5\n3\n1\n4\n4\n10\n10\n4\n10\n5\n5\n6\n10\n10\n10\n8\n1\n1\n5\n6\n2\n3\n1\n7\n2\n1\n6\n10\n8\n10\n3\n3\n2\n6\n1\n1\n2\n8\n6\n7\n5\n4\n2\n5\n6\n4\n6\n10\n6\n5\n6\n7\n4\n10\n8\n5\n10\n5\n8\n9\n5\n2\n10\n10\n6\n9\n9\n10\n5\n6\n6\n4\n7\n8\n1\n5\n1\n10\n3\n5\n2\n7\n4\n3\n4\n4\n4\n7\n2\n1\n10\n10\n7\n2\n4\n1\n1\n6\n9\n2\n4\n9\n6\n2\n4\n10\n6\n5\n6\n6\n10\n8\n4\n9\n4\n9\n8\n2\n8\n7\n7\n3\n2\n9\n7\n10\n3\n5\n1\n6\n9\n5\n3\n10\n4\n4\n1\n3\n7\n8\n2\n5\n5\n2\n9\n8\n5\n1\n10\n7\n6\n2\n1\n6\n6\n8\n5\n8\n8\n9\n5\n9\n8\n3\n9\n2\n6\n5\n2\n10\n2\n6\n5\n8\n2\n10\n7\n8\n10\n7\n9\n1\n1\n8\n4\n10\n1\n4\n3\n7\n6\n2\n6\n9\n3\n6\n7\n3\n4\n4\n2\n3\n6\n2\n5\n9\n2\n5\n5\n9\n2\n7\n10\n2\n9\n6\n1\n2\n8\n2\n6\n3\n8\n10\n7\n4\n3\n9\n2\n8\n6\n5\n5\n10\n1\n5\n2\n3\n4\n1\n2\n10\n1\n4\n6\n9\n3\n9\n6\n10\n5\n7\n3\n10\n8\n10\n10\n8\n1\n8\n8\n8\n6\n8\n3\n2\n4\n6\n10\n1\n9\n4\n10\n7\n3\n9\n8\n3\n2\n7\n7\n6\n7\n5\n1\n5\n4\n4\n5\n10\n3\n10\n4\n2\n5\n3\n2\n3\n1\n1\n10\n5\n8\n10\n4\n7\n1\n4\n4\n3\n7\n9\n8\n4\n6\n10\n9\n8\n1\n8\n9\n1\n2\n5\n3\n3\n2\n7\n3\n1\n9\n1\n6\n7\n4\n6\n3\n7\n10\n8\n1\n9\n2\n7\n8\n5\n7\n5\n6\n7\n5\n10\n10\n7\n7\n4\n1\n6\n1\n6\n10\n9\n10\n1\n10\n8\n7\n2\n3\n1\n5\n2\n8\n3\n2\n1\n10\n3\n1\n8\n1\n6\n3\n4\n1\n9\n1\n5\n9\n7\n6\n8\n5\n1\n10\n2\n1\n3\n3\n1\n8\n1\n6\n2\n2\n7\n5\n8\n10\n10\n10\n7\n5\n5\n8\n2\n5\n10\n10\n8\n6\n4\n10\n9\n10\n9\n1\n7\n2\n8\n9\n5\n5\n2\n5\n6\n6\n8\n2\n3\n2\n3\n9\n10\n6\n6\n3\n7\n6\n9\n10\n2\n9\n6\n3\n7\n1\n3\n8\n7\n1\n5\n4\n5\n8\n4\n6\n8\n10\n8\n5\n1\n9\n7\n3\n3\n1\n1\n3\n1\n7\n5\n9\n1\n1\n10\n5\n2\n7\n6\n5\n7\n8\n1\n2\n8\n5\n6\n7\n7\n2\n10\n1\n5\n9\n4\n2\n1\n5\n9\n6\n2\n4\n1\n4\n4\n5\n1\n5\n7\n4\n7\n8\n1\n5\n9\n5\n6\n4\n9\n10\n8\n9\n7\n4\n6\n3\n10\n6\n9\n4\n6\n10\n9\n4\n7\n9\n5\n7\n5\n5\n2\n4\n1\n4\n7\n7\n7\n2\n3\n9\n2\n10\n6\n10\n2\n5\n8\n4\n3\n4\n2\n1\n1\n7\n6\n4\n3\n6\n5\n1\n8\n5\n3\n4\n1\n8\n1\n5\n1\n9\n6\n10\n4\n3\n3\n10\n4\n10\n3\n7\n3\n3\n10\n2\n2\n10\n10\n7\n8\n1\n7\n7\n8\n7\n4\n9\n7\n5\n3\n3\n2\n9\n1\n6\n5\n10\n2\n3\n3\n2\n5\n3\n8\n10\n2\n7\n5\n6\n4\n3\n10\n6\n10\n1\n4\n6\n7\n2\n5\n2\n2\n4\n8\n9\n3\n2\n2\n1\n2\n9\n9\n7\n7\n1\n5\n8\n7\n6\n1\n7\n10\n8\n1\n5\n4\n3\n8\n6\n1\n6\n10\n3\n4\n8\n8\n7\n7\n1\n1\n1\n7\n9\n6\n1\n7\n8\n3\n3\n8\n6\n7\n2\n4\n10\n2\n3\n8\n9\n2\n8\n3\n6\n4\n10\n2\n4\n7\n3\n5\n2\n9\n10\n8\n7\n5\n5\n3\n7\n4\n2\n4\n10\n5\n10\n3\n1\n10\n6\n3\n8\n1\n4\n8\n1\n9\n10\n6\n10\n1\n6\n7\n9\n10\n10\n1\n10\n5\n1\n1\n2\n7\n2\n1\n9\n2\n3\n3\n4\n8\n1\n9\n1\n8\n4\n2\n3\n10\n5\n4\n1\n3\n1\n8\n7\n5\n6\n5\n7\n10\n2\n1\n1\n7\n3\n1\n3\n5\n2\n2\n3\n3\n5\n1\n9\n1\n2\n8\n10\n1\n2\n3\n9\n2\n1\n3\n9\n10\n9\n10\n9\n10\n2\n2\n2\n2\n3\n8\n1\n4\n9\n5\n2\n6\n5\n3\n10\n4\n5\n2\n3\n6\n9\n4\n10\n8\n3\n3\n10\n9\n10\n5\n8\n9\n4\n9\n1\n4\n1\n7\n7\n10\n8\n8\n8\n10\n8\n3\n8\n5\n3\n2\n6\n7\n1\n6\n8\n8\n8\n1\n6\n4\n2\n7\n4\n4\n8\n9\n7\n3\n5\n7\n5\n9\n5\n2\n5\n5\n3\n3\n8\n1\n7\n2\n3\n1\n3\n7\n10\n8\n3\n5\n1\n8\n1\n10\n7\n10\n3\n4\n10\n8\n6\n7\n7\n9\n6\n9\n2\n5\n3\n8\n10\n1\n3\n10\n6\n2\n8\n1\n10\n1\n4\n3\n4\n8\n3\n4\n5\n4\n10\n2\n4\n8\n8\n3\n3\n9\n7\n2\n9\n4\n5\n3\n9\n4\n5\n6\n5\n1\n5\n10\n10\n8\n1\n2\n9\n3\n2\n9\n9\n7\n8\n2\n10\n8\n7\n7\n8\n3\n2\n5\n8\n5\n6\n1\n8\n7\n3\n9\n1\n5\n3\n4\n1\n2\n7\n1\n2\n9\n1\n8\n8\n4\n8\n2\n2\n6\n6\n2\n1\n10\n4\n10\n3\n6\n4\n7\n2\n7\n7\n1\n2\n9\n10\n4\n4\n1\n6\n5\n3\n4\n10\n3\n2\n3\n5\n9\n1\n2\n8\n10\n1\n2\n8\n10\n8\n6\n3\n8\n7\n7\n4\n6\n10\n7\n3\n2\n8\n2\n9\n1\n7\n10\n2\n2\n2\n4\n3\n10\n8\n5\n7\n8\n9\n1\n2\n7\n9\n8\n2\n1\n2\n5\n1\n8\n7\n7\n4\n7\n3\n9\n2\n9\n7\n4\n6\n4\n8\n9\n7\n8\n7\n2\n3\n5\n10\n1\n2\n9\n9\n6\n4\n1\n9\n1\n3\n8\n10\n3\n6\n5\n10\n1\n9\n8\n2\n4\n9\n5\n2\n2\n4\n7\n3\n2\n1\n10\n10\n7\n2\n9\n5\n9\n5\n9\n1\n5\n8\n9\n9\n10\n10\n2\n10\n2\n10\n7\n1\n8\n7\n9\n4\n6\n3\n2\n7\n4\n9\n4\n1\n8\n3\n9\n7\n4\n5\n3\n10\n4\n4\n1\n6\n9\n4\n6\n9\n1\n5\n3\n2\n1\n7\n9\n10\n9\n4\n8\n8\n9\n5\n7\n10\n6\n3\n7\n2\n3\n7\n5\n1\n8\n6\n1\n10\n3\n10\n7\n9\n8\n8\n9\n8\n10\n10\n3\n10\n6\n5\n8\n7\n7\n9\n2\n6\n10\n5\n5\n10\n7\n1\n6\n10\n10\n6\n1\n9\n5\n6\n7\n8\n5\n5\n3\n10\n4\n3\n10\n2\n5\n2\n4\n9\n6\n9\n5\n1\n10\n10\n6\n7\n3\n4\n6\n4\n4\n3\n2\n9\n8\n6\n9\n9\n2\n5\n1\n8\n1\n9\n1\n2\n10\n7\n4\n5\n7\n4\n5\n9\n7\n9\n2\n3\n6\n10\n3\n10\n1\n1\n5\n5\n9\n10\n9\n5\n1\n4\n8\n6\n6\n1\n1\n8\n7\n2\n1\n7\n7\n2\n8\n2\n1\n4\n8\n10\n4\n8\n5\n5\n5\n7\n3\n10\n3\n1\n10\n3\n4\n8\n1\n9\n4\n3\n8\n6\n2\n8\n2\n9\n1\n9\n3\n2\n7\n6\n10\n4\n2\n1\n8\n9\n1\n6\n4\n9\n9\n1\n1\n5\n4\n6\n10\n8\n7\n10\n9\n2\n5\n1\n3\n5\n9\n4\n8\n1\n6\n5\n8\n7\n7\n3\n9\n7\n2\n5\n9\n9\n5\n3\n4\n7\n5\n8\n8\n4\n8\n7\n4\n9\n8\n9\n6\n7\n8\n1\n4\n1\n9\n3\n3\n7\n6\n9\n1\n10\n8\n6\n7\n3\n1\n3\n8\n7\n9\n8\n2\n5\n9\n5\n8\n7\n4\n8\n3\n3\n9\n9\n4\n3\n4\n10\n8\n1\n8\n9\n4\n5\n6\n4\n5\n6\n2\n1\n2\n10\n4\n5\n9\n2\n8\n2\n10\n7\n5\n5\n2\n2\n3\n7\n4\n3\n1\n8\n2\n5\n1\n10\n9\n4\n7\n4\n4\n6\n9\n5\n6\n10\n9\n10\n4\n1\n3\n4\n6\n9\n6\n1\n1\n8\n3\n9\n7\n9\n1\n1\n4\n3\n7\n10\n3\n4\n3\n6\n10\n8\n6\n6\n9\n3\n7\n7\n8\n4\n5\n10\n5\n7\n8\n3\n2\n10\n6\n10\n8\n1\n2\n3\n2\n8\n4\n2\n8\n4\n2\n7\n8\n5\n6\n4\n6\n2\n10\n1\n9\n10\n3\n10\n6\n7\n3\n3\n3\n8\n4\n4\n9\n5\n7\n1\n8\n1\n6\n3\n7\n6\n6\n5\n10\n5\n1\n5\n4\n1\n5\n8\n2\n6\n10\n5\n10\n1\n6\n7\n4\n7\n1\n6\n3\n10\n10\n7\n6\n2\n4\n5\n1\n1\n6\n2\n2\n10\n5\n6\n10\n3\n4\n9\n3\n5\n4\n3\n10\n4\n1\n7\n7\n8\n7\n1\n1\n2\n3\n5\n9\n1\n6\n6\n9\n2\n5\n5\n3\n6\n1\n8\n4\n7\n3\n7\n9\n4\n5\n8\n10\n10\n7\n2\n9\n10\n6\n10\n10\n2\n5\n8\n10\n4\n6\n5\n9\n6\n1\n1\n3\n7\n1\n9\n8\n5\n7\n7\n4\n6\n1\n1\n3\n6\n3\n2\n4\n7\n2\n5\n8\n1\n7\n8\n6\n8\n1\n8\n3\n7\n9\n4\n3\n8\n4\n9\n2\n3\n9\n8\n7\n9\n5\n8\n4\n8\n6\n10\n4\n4\n2\n2\n2\n10\n4\n8\n4\n8\n8\n1\n6\n4\n10\n2\n2\n2\n10\n6\n1\n5\n4\n6\n7\n3\n1\n9\n7\n1\n5\n9\n6\n2\n9\n7\n5\n3\n3\n10\n2\n1\n9\n4\n3\n3\n8\n8\n3\n10\n2\n10\n9\n7\n4\n5\n8\n2\n9\n9\n5\n3\n10\n5\n1\n5\n10\n5\n4\n5\n9\n10\n1\n6\n2\n3\n4\n6\n3\n5\n5\n2\n6\n7\n10\n9\n9\n9\n5\n8\n6\n9\n6\n1\n4\n8\n2\n1\n2\n4\n1\n5\n8\n4\n6\n3\n6\n4\n9\n4\n1\n1\n3\n4\n8\n6\n10\n5\n4\n10\n1\n10\n3\n3\n1\n9\n5\n4\n10\n10\n7\n10\n3\n8\n5\n9\n3\n2\n9\n9\n4\n3\n4\n2\n6\n3\n2\n2\n2\n3\n9\n7\n9\n7\n1\n2\n5\n3\n7\n5\n7\n9\n9\n7\n5\n3\n9\n7\n8\n6\n3\n6\n4\n8\n5\n7\n7\n1\n9\n6\n10\n4\n4\n4\n2\n2\n2\n8\n5\n9\n1\n2\n5\n3\n10\n6\n3\n10\n4\n2\n4\n8\n2\n9\n10\n2\n8\n8\n7\n10\n5\n4\n6\n6\n4\n7\n2\n10\n8\n6\n10\n6\n6\n1\n6\n9\n8\n9\n5\n1\n10\n3\n5\n6\n9\n1\n7\n10\n9\n2\n4\n1\n9\n7\n9\n2\n9\n8\n6\n9\n7\n7\n4\n1\n1\n10\n5\n4\n1\n9\n7\n10\n3\n5\n1\n3\n5\n3\n5\n7\n8\n7\n5\n5\n1\n6\n6\n5\n2\n4\n9\n6\n9\n3\n10\n1\n1\n9\n7\n7\n7\n10\n5\n2\n6\n2\n10\n4\n9\n2\n8\n2\n1\n10\n6\n8\n9\n3\n1\n9\n7\n8\n4\n1\n3\n4\n1\n3\n8\n5\n10\n9\n5\n6\n2\n1\n10\n7\n4\n3\n6\n9\n9\n2\n9\n3\n7\n3\n2\n5\n10\n2\n5\n7\n3\n2\n4\n10\n6\n5\n3\n4\n4\n7\n10\n5\n6\n9\n8\n6\n10\n2\n9\n4\n5\n2\n2\n7\n10\n4\n5\n1\n8\n4\n2\n10\n8\n5\n9\n4\n7\n6\n6\n7\n6\n3\n9\n8\n7\n8\n3\n4\n4\n9\n8\n10\n9\n9\n3\n7\n1\n4\n7\n7\n3\n3\n4\n8\n10\n7\n4\n9\n7\n9\n8\n3\n10\n8\n5\n7\n7\n2\n9\n4\n9\n6\n1\n9\n3\n8\n10\n10\n1\n8\n1\n2\n7\n8\n6\n2\n6\n8\n9\n1\n10\n3\n10\n8\n5\n4\n1\n3\n1\n4\n7\n8\n2\n10\n6\n8\n10\n1\n1\n4\n6\n10\n7\n9\n8\n4\n3\n4\n10\n1\n8\n4\n6\n10\n6\n10\n8\n6\n10\n7\n4\n4\n1\n9\n8\n8\n9\n7\n10\n1\n6\n6\n6\n4\n6\n10\n10\n3\n4\n3\n4\n1\n8\n9\n5\n5\n3\n6\n7\n5\n10\n5\n4\n1\n5\n5\n7\n5\n6\n10\n5\n6\n4\n9\n4\n2\n5\n9\n9\n8\n1\n8\n5\n4\n1\n6\n3\n5\n6\n4\n7\n3\n3\n6\n2\n5\n1\n10\n1\n2\n4\n7\n2\n9\n5\n8\n10\n4\n6\n3\n9\n5\n9\n10\n3\n6\n8\n6\n2\n5\n5\n6\n9\n8\n6\n3\n5\n7\n2\n9\n10\n1\n3\n3\n3\n1\n5\n5\n3\n1\n10\n10\n3\n3\n3\n3\n3\n4\n4\n6\n4\n1\n5\n9\n7\n2\n9\n10\n1\n3\n7\n6\n10\n7\n1\n10\n7\n8\n8\n10\n3\n2\n4\n8\n1\n9\n9\n6\n1\n7\n10\n10\n6\n8\n10\n9\n7\n2\n1\n8\n2\n8\n4\n3\n8\n3\n4\n1\n9\n2\n7\n8\n3\n6\n4\n9\n1\n6\n2\n5\n5\n10\n10\n9\n4\n9\n1\n6\n2\n10\n2\n4\n4\n8\n9\n7\n7\n5\n4\n8\n8\n10\n8\n4\n7\n3\n5\n4\n9\n6\n10\n6\n3\n4\n6\n3\n1\n1\n6\n10\n5\n6\n7\n2\n4\n10\n9\n10\n2\n7\n4\n8\n4\n2\n10\n1\n3\n4\n1\n8\n4\n9\n10\n5\n5\n1\n4\n1\n10\n7\n5\n7\n4\n8\n9\n4\n5\n8\n9\n8\n7\n10\n7\n9\n3\n5\n3\n9\n9\n5\n7\n8\n4\n9\n9\n7\n6\n7\n3\n10\n10\n2\n4\n8\n1\n10\n3\n10\n3\n9\n5\n4\n9\n7\n8\n8\n9\n3\n4\n5\n3\n9\n5\n8\n8\n5\n6\n10\n10\n10\n3\n4\n3\n7\n1\n1\n3\n4\n1\n6\n9\n2\n2\n2\n1\n5\n9\n3\n5\n3\n10\n6\n1\n8\n3\n2\n2\n7\n5\n9\n1\n6\n7\n6\n1\n4\n5\n9\n7\n6\n1\n1\n4\n9\n6\n7\n3\n4\n3\n7\n4\n1\n3\n9\n7\n5\n3\n10\n2\n8\n10\n10\n7\n8\n5\n7\n7\n7\n7\n10\n4\n8\n5\n7\n10\n9\n6\n9\n6\n7\n4\n8\n3\n2\n6\n7\n10\n1\n3\n7\n5\n2\n7\n7\n1\n8\n2\n2\n1\n9\n6\n1\n7\n10\n3\n8\n4\n7\n6\n5\n8\n9\n6\n9\n1\n1\n9\n2\n8\n2\n4\n5\n8\n2\n2\n9\n8\n4\n2\n1\n9\n8\n10\n7\n9\n6\n10\n3\n10\n5\n8\n4\n4\n10\n6\n1\n4\n1\n8\n4\n4\n2\n8\n1\n7\n4\n5\n6\n10\n4\n8\n10\n5\n4\n3\n7\n5\n3\n10\n8\n2\n3\n10\n1\n9\n6\n1\n6\n6\n1\n1\n2\n4\n1\n3\n8\n6\n5\n5\n6\n10\n1\n4\n9\n4\n2\n8\n3\n7\n9\n1\n1\n6\n10\n7\n2\n6\n5\n5\n8\n3\n5\n10\n2\n9\n10\n5\n8\n3\n7\n10\n10\n9\n9\n10\n5\n9\n8\n1\n4\n4\n3\n9\n6\n2\n2\n10\n4\n9\n2\n2\n8\n1\n9\n10\n10\n2\n2\n2\n1\n7\n10\n1\n2\n2\n7\n7\n9\n9\n4\n10\n8\n2\n8\n2\n3\n8\n1\n1\n6\n8\n4\n9\n5\n9\n10\n3\n2\n6\n3\n9\n10\n3\n10\n9\n8\n5\n5\n5\n7\n7\n1\n1\n7\n1\n2\n7\n9\n1\n9\n5\n6\n3\n7\n3\n1\n10\n10\n2\n1\n7\n9\n3\n8\n2\n6\n6\n2\n5\n7\n9\n7\n9\n1\n1\n3\n7\n9\n2\n3\n2\n2\n9\n1\n5\n9\n2\n5\n7\n5\n7\n7\n2\n2\n7\n6\n9\n9\n3\n3\n3\n4\n7\n3\n10\n6\n5\n1\n7\n10\n1\n3\n1\n4\n9\n4\n8\n1\n2\n9\n7\n7\n2\n3\n2\n9\n1\n8\n5\n8\n6\n6\n6\n2\n4\n1\n8\n3\n4\n3\n1\n10\n3\n9\n8\n5\n4\n10\n6\n3\n2\n5\n2\n1\n1\n4\n10\n6\n7\n1\n3\n9\n2\n1\n3\n10\n4\n9\n8\n3\n6\n4\n2\n1\n4\n5\n10\n5\n7\n9\n9\n7\n4\n1\n3\n1\n7\n7\n7\n5\n3\n6\n9\n5\n3\n3\n5\n1\n1\n6\n8\n3\n9\n3\n3\n1\n6\n6\n5\n6\n4\n8\n5\n1\n3\n5\n3\n5\n9\n9\n1\n8\n2\n10\n5\n1\n7\n5\n2\n5\n4\n7\n10\n9\n9\n10\n3\n7\n4\n3\n8\n5\n8\n2\n3\n4\n4\n2\n5\n6\n5\n1\n7\n3\n10\n8\n5\n10\n9\n8\n2\n7\n7\n6\n6\n4\n5\n2\n10\n4\n4\n1\n8\n1\n2\n1\n8\n3\n6\n4\n6\n5\n7\n1\n9\n10\n2\n6\n3\n1\n7\n10\n2\n2\n10\n9\n9\n8\n4\n6\n1\n3\n2\n8\n4\n4\n5\n6\n5\n10\n1\n9\n1\n10\n6\n9\n9\n4\n10\n7\n6\n3\n5\n5\n2\n7\n10\n7\n8\n9\n3\n1\n6\n4\n2\n5\n1\n8\n7\n7\n9\n5\n7\n3\n5\n9\n2\n6\n7\n10\n1\n9\n7\n2\n6\n7\n6\n8\n9\n7\n2\n1\n6\n5\n3\n8\n2\n6\n2\n8\n9\n4\n9\n2\n6\n7\n8\n1\n5\n9\n10\n4\n2\n2\n4\n9\n10\n3\n9\n4\n8\n9\n1\n8\n1\n4\n2\n7\n7\n2\n6\n4\n7\n8\n1\n5\n10\n1\n8\n1\n2\n10\n6\n7\n8\n10\n10\n7\n1\n2\n8\n10\n4\n4\n1\n7\n3\n7\n4\n2\n4\n7\n7\n7\n5\n6\n3\n6\n1\n8\n1\n8\n1\n6\n5\n5\n2\n3\n5\n6\n1\n2\n5\n8\n5\n8\n3\n5\n6\n1\n2\n4\n1\n4\n8\n1\n3\n8\n10\n3\n9\n4\n2\n10\n6\n1\n5\n10\n9\n5\n10\n10\n9\n4\n3\n4\n2\n10\n8\n2\n8\n3\n8\n6\n10\n10\n2\n2\n6\n3\n6\n6\n8\n5\n6\n1\n7\n10\n6\n7\n10\n8\n8\n5\n5\n9\n6\n6\n1\n3\n3\n10\n2\n2\n9\n1\n1\n3\n1\n2\n2\n8\n3\n6\n2\n8\n3\n1\n5\n8\n9\n6\n6\n9\n6\n3\n5\n10\n8\n5\n9\n9\n6\n2\n1\n10\n7\n7\n8\n10\n7\n8\n5\n6\n10\n10\n8\n10\n9\n9\n6\n4\n3\n2\n6\n9\n4\n2\n4\n3\n7\n4\n9\n3\n9\n1\n2\n3\n3\n6\n3\n4\n1\n5\n8\n10\n6\n4\n5\n3\n3\n6\n4\n3\n10\n4\n3\n9\n10\n6\n9\n6\n9\n9\n4\n9\n1\n6\n9\n6\n4\n10\n9\n3\n8\n1\n3\n3\n3\n5\n3\n8\n2\n10\n5\n6\n1\n2\n10\n10\n7\n7\n3\n4\n6\n8\n10\n7\n3\n9\n10\n6\n2\n2\n8\n5\n3\n6\n1\n8\n6\n4\n1\n3\n5\n2\n2\n2\n8\n5\n8\n5\n10\n3\n8\n9\n7\n7\n2\n6\n6\n4\n6\n8\n5\n6\n6\n2\n3\n10\n5\n5\n3\n5\n10\n3\n7\n9\n9\n3\n1\n4\n6\n10\n2\n7\n10\n5\n6\n3\n9\n10\n1\n8\n2\n2\n3\n5\n9\n3\n4\n7\n4\n5\n2\n8\n9\n1\n9\n1\n6\n3\n7\n4\n5\n4\n6\n7\n3\n9\n2\n6\n6\n8\n10\n8\n2\n10\n6\n8\n9\n8\n4\n5\n9\n4\n10\n1\n1\n9\n6\n1\n2\n4\n10\n6\n8\n4\n8\n8\n9\n5\n9\n4\n6\n7\n5\n3\n7\n6\n5\n10\n5\n4\n8\n10\n7\n9\n2\n7\n8\n2\n9\n9\n9\n2\n9\n5\n8\n1\n1\n10\n9\n9\n8\n2\n8\n2\n10\n9\n1\n4\n1\n10\n1\n2\n4\n8\n1\n2\n9\n5\n7\n7\n2\n2\n5\n7\n8\n10\n10\n1\n5\n3\n8\n5\n5\n0', '4\n1\n724\n40\n40\n92\n1\n0\n10\n0\n4\n0\n40\n0\n92\n352\n352\n724\n2\n0\n724\n92\n0\n4\n10\n4\n2\n1\n724\n724\n0\n10\n92\n92\n10\n352\n352\n724\n40\n2\n0\n4\n92\n2\n1\n4\n4\n352\n2\n2\n10\n40\n1\n1\n724\n92\n40\n352\n4\n10\n4\n0\n92\n92\n92\n352\n40\n724\n92\n1\n0\n724\n724\n4\n92\n0\n352\n92\n0\n724\n0\n4\n0\n40\n4\n0\n10\n2\n724\n352\n2\n0\n92\n0\n352\n352\n10\n92\n724\n4\n0\n2\n40\n0\n10\n0\n4\n4\n4\n4\n2\n0\n92\n92\n1\n724\n4\n1\n40\n1\n10\n0\n4\n724\n0\n1\n0\n92\n1\n2\n0\n2\n0\n4\n0\n1\n2\n10\n2\n352\n352\n1\n4\n0\n10\n40\n0\n4\n1\n352\n40\n92\n4\n4\n0\n10\n10\n0\n10\n0\n724\n92\n0\n352\n0\n2\n4\n0\n352\n2\n40\n40\n40\n1\n10\n40\n352\n40\n0\n0\n10\n92\n4\n724\n10\n352\n0\n724\n4\n4\n0\n92\n40\n1\n4\n40\n1\n2\n1\n724\n92\n4\n4\n724\n1\n2\n92\n1\n92\n10\n40\n10\n10\n0\n0\n724\n2\n724\n352\n40\n92\n1\n352\n352\n0\n0\n4\n1\n352\n352\n0\n10\n2\n724\n0\n92\n724\n1\n352\n1\n10\n10\n1\n92\n0\n1\n352\n40\n4\n10\n1\n352\n724\n2\n724\n2\n0\n92\n352\n4\n2\n0\n352\n1\n4\n92\n92\n352\n0\n352\n10\n352\n10\n352\n4\n724\n352\n4\n92\n0\n0\n4\n1\n0\n352\n40\n0\n352\n92\n4\n2\n40\n1\n2\n0\n352\n4\n352\n40\n2\n40\n724\n1\n10\n92\n0\n4\n40\n352\n10\n724\n4\n352\n1\n352\n1\n0\n352\n0\n4\n0\n10\n2\n1\n40\n40\n0\n724\n0\n4\n40\n352\n1\n724\n92\n4\n0\n2\n0\n352\n4\n352\n0\n2\n10\n92\n352\n10\n0\n92\n2\n724\n40\n0\n0\n0\n352\n92\n724\n352\n352\n352\n0\n0\n2\n0\n352\n10\n92\n724\n724\n0\n10\n4\n0\n10\n4\n1\n10\n2\n724\n40\n92\n352\n2\n352\n352\n92\n4\n724\n352\n0\n4\n4\n92\n92\n40\n40\n4\n1\n1\n92\n352\n0\n724\n724\n0\n92\n40\n1\n4\n1\n92\n4\n1\n0\n0\n2\n2\n352\n352\n352\n0\n724\n40\n2\n92\n10\n0\n1\n0\n2\n10\n40\n724\n92\n352\n10\n4\n724\n40\n724\n92\n724\n2\n0\n10\n40\n2\n40\n352\n2\n1\n4\n0\n0\n2\n0\n352\n1\n0\n92\n0\n0\n724\n40\n1\n92\n2\n352\n0\n1\n0\n724\n1\n0\n40\n2\n1\n0\n724\n92\n0\n0\n352\n4\n92\n724\n2\n40\n92\n4\n40\n724\n10\n724\n0\n2\n1\n10\n724\n2\n724\n724\n40\n352\n10\n352\n92\n724\n10\n352\n0\n92\n352\n2\n1\n10\n40\n40\n1\n10\n1\n2\n40\n0\n4\n2\n0\n0\n1\n10\n10\n92\n10\n724\n4\n724\n4\n40\n4\n352\n40\n0\n1\n10\n4\n724\n2\n10\n4\n352\n2\n2\n92\n352\n2\n2\n2\n724\n0\n724\n0\n10\n4\n2\n0\n40\n10\n4\n10\n10\n40\n1\n0\n0\n724\n1\n4\n1\n4\n10\n0\n0\n40\n40\n4\n10\n40\n40\n2\n92\n2\n0\n0\n40\n2\n2\n0\n92\n352\n0\n0\n0\n0\n724\n10\n352\n10\n0\n0\n4\n1\n40\n4\n4\n40\n0\n724\n724\n10\n2\n724\n10\n352\n40\n0\n92\n352\n2\n92\n1\n40\n4\n4\n0\n352\n1\n0\n40\n724\n40\n92\n10\n4\n724\n40\n2\n10\n2\n4\n352\n40\n92\n1\n4\n0\n0\n0\n4\n92\n10\n4\n0\n1\n1\n40\n40\n0\n724\n0\n4\n0\n0\n10\n10\n0\n10\n92\n4\n2\n724\n2\n0\n352\n352\n724\n0\n1\n0\n0\n724\n10\n1\n10\n352\n4\n40\n92\n10\n724\n40\n10\n0\n2\n0\n724\n0\n2\n724\n10\n724\n4\n1\n4\n2\n724\n1\n4\n2\n0\n0\n92\n0\n40\n724\n10\n352\n1\n0\n4\n4\n352\n10\n1\n724\n0\n10\n352\n92\n10\n352\n724\n92\n1\n1\n10\n2\n0\n352\n92\n2\n724\n0\n1\n352\n92\n0\n724\n4\n1\n40\n92\n724\n40\n1\n10\n352\n724\n0\n92\n2\n724\n724\n40\n0\n724\n352\n0\n10\n92\n0\n10\n4\n1\n40\n0\n0\n40\n92\n0\n352\n0\n0\n0\n724\n724\n40\n0\n0\n40\n40\n0\n0\n724\n0\n0\n1\n352\n92\n40\n724\n92\n2\n724\n352\n352\n724\n0\n352\n4\n1\n2\n92\n40\n40\n2\n724\n352\n0\n0\n10\n0\n0\n0\n4\n10\n2\n0\n4\n40\n2\n0\n92\n352\n352\n4\n0\n4\n40\n0\n352\n10\n92\n0\n40\n0\n352\n92\n2\n40\n92\n10\n724\n0\n10\n10\n10\n40\n2\n40\n352\n1\n352\n92\n724\n0\n724\n0\n40\n4\n40\n10\n10\n352\n0\n0\n0\n724\n2\n10\n0\n2\n0\n1\n10\n1\n4\n92\n352\n352\n1\n0\n724\n0\n4\n92\n352\n92\n352\n352\n40\n4\n10\n92\n0\n0\n10\n0\n40\n352\n0\n2\n1\n92\n724\n4\n724\n4\n10\n1\n1\n10\n2\n0\n92\n10\n92\n724\n10\n10\n2\n10\n92\n40\n92\n0\n1\n0\n0\n92\n724\n1\n0\n92\n40\n0\n0\n0\n1\n352\n0\n4\n0\n2\n92\n0\n0\n352\n352\n40\n4\n10\n0\n92\n40\n0\n10\n1\n1\n4\n4\n10\n92\n0\n4\n1\n1\n4\n40\n0\n724\n0\n0\n0\n0\n0\n1\n10\n10\n4\n4\n4\n724\n4\n1\n1\n0\n40\n2\n0\n10\n40\n10\n4\n4\n10\n2\n92\n1\n92\n352\n4\n724\n352\n352\n0\n1\n40\n92\n1\n92\n724\n92\n724\n0\n4\n4\n1\n1\n1\n1\n40\n0\n10\n2\n4\n724\n40\n40\n0\n0\n4\n4\n1\n1\n10\n0\n1\n4\n40\n0\n724\n352\n40\n92\n92\n10\n0\n0\n10\n352\n92\n2\n2\n2\n40\n0\n1\n40\n724\n724\n724\n0\n724\n352\n4\n1\n10\n0\n4\n0\n1\n4\n92\n1\n352\n0\n92\n1\n724\n0\n0\n4\n4\n724\n10\n10\n0\n40\n724\n1\n2\n4\n92\n0\n724\n724\n0\n352\n0\n352\n92\n724\n352\n4\n92\n2\n0\n10\n0\n2\n92\n0\n92\n0\n4\n2\n724\n0\n0\n352\n0\n1\n92\n1\n4\n40\n4\n10\n92\n1\n40\n92\n4\n40\n4\n0\n40\n40\n0\n10\n2\n0\n10\n0\n4\n724\n1\n0\n4\n0\n0\n2\n0\n4\n352\n0\n0\n40\n92\n0\n1\n0\n4\n92\n40\n92\n4\n4\n0\n4\n40\n0\n2\n4\n0\n2\n10\n352\n10\n0\n4\n724\n40\n92\n0\n10\n352\n724\n0\n4\n2\n40\n10\n724\n92\n352\n10\n2\n40\n352\n0\n352\n2\n0\n1\n4\n352\n40\n0\n92\n724\n0\n1\n92\n724\n0\n10\n10\n4\n4\n4\n4\n4\n40\n724\n1\n1\n92\n92\n0\n352\n4\n352\n0\n92\n0\n0\n1\n352\n0\n0\n2\n0\n724\n4\n1\n92\n2\n2\n724\n2\n4\n1\n724\n352\n724\n40\n2\n724\n0\n0\n1\n0\n2\n10\n4\n724\n0\n40\n40\n0\n2\n0\n352\n724\n2\n40\n352\n0\n0\n0\n1\n4\n2\n352\n724\n92\n10\n0\n724\n2\n4\n40\n352\n2\n10\n0\n0\n40\n0\n40\n724\n10\n10\n0\n0\n92\n352\n0\n0\n10\n0\n10\n92\n0\n4\n10\n10\n10\n92\n10\n0\n2\n0\n352\n0\n2\n0\n40\n352\n2\n2\n4\n10\n10\n4\n352\n2\n724\n724\n0\n4\n40\n92\n4\n0\n0\n92\n10\n4\n352\n724\n0\n352\n4\n1\n1\n40\n1\n40\n0\n92\n0\n724\n92\n0\n1\n40\n40\n40\n40\n2\n1\n0\n352\n724\n0\n2\n724\n352\n1\n1\n4\n0\n0\n1\n92\n92\n10\n40\n4\n4\n1\n2\n40\n0\n40\n4\n724\n92\n40\n92\n352\n40\n724\n4\n10\n40\n92\n1\n92\n40\n0\n724\n1\n40\n0\n4\n2\n92\n352\n10\n0\n1\n352\n2\n10\n4\n92\n0\n92\n10\n2\n4\n92\n0\n724\n1\n0\n1\n92\n4\n4\n4\n352\n0\n724\n1\n4\n352\n724\n92\n0\n2\n40\n0\n2\n0\n92\n92\n724\n10\n0\n0\n2\n92\n0\n0\n92\n10\n0\n724\n4\n92\n352\n0\n92\n4\n2\n10\n352\n4\n10\n724\n92\n2\n2\n2\n724\n40\n0\n1\n2\n4\n4\n1\n40\n92\n2\n10\n352\n724\n2\n92\n1\n2\n92\n2\n2\n352\n724\n1\n4\n0\n724\n2\n1\n0\n0\n1\n4\n40\n40\n2\n2\n352\n40\n2\n4\n10\n2\n0\n2\n2\n0\n92\n352\n0\n92\n724\n352\n352\n1\n10\n40\n724\n0\n2\n10\n1\n0\n1\n724\n0\n1\n2\n4\n40\n40\n0\n1\n352\n92\n352\n4\n0\n10\n724\n40\n352\n40\n10\n92\n92\n0\n0\n352\n40\n40\n40\n724\n724\n0\n2\n352\n0\n352\n92\n2\n352\n10\n1\n0\n1\n0\n352\n0\n10\n40\n0\n40\n4\n2\n92\n0\n1\n352\n10\n352\n0\n40\n0\n40\n2\n10\n40\n4\n40\n4\n724\n2\n40\n352\n10\n0\n10\n40\n4\n92\n10\n352\n2\n4\n724\n92\n1\n92\n10\n92\n1\n352\n0\n724\n724\n724\n724\n0\n92\n4\n4\n352\n0\n1\n40\n0\n1\n0\n40\n4\n352\n92\n724\n2\n92\n4\n10\n4\n1\n0\n724\n2\n40\n2\n40\n1\n10\n1\n2\n40\n0\n352\n92\n352\n10\n4\n1\n1\n2\n40\n352\n4\n352\n4\n724\n40\n0\n10\n0\n40\n4\n40\n1\n724\n1\n40\n352\n2\n10\n0\n0\n724\n40\n40\n0\n2\n0\n4\n2\n0\n0\n352\n40\n724\n2\n92\n40\n4\n352\n352\n0\n2\n0\n0\n92\n1\n40\n10\n0\n10\n92\n10\n352\n352\n0\n724\n40\n4\n0\n4\n0\n724\n0\n2\n2\n40\n352\n352\n0\n10\n0\n10\n0\n4\n40\n0\n4\n10\n352\n40\n4\n724\n0\n40\n724\n92\n4\n724\n1\n40\n0\n1\n92\n352\n92\n724\n4\n4\n40\n0\n40\n92\n10\n92\n1\n724\n1\n2\n0\n0\n10\n4\n352\n10\n40\n1\n40\n92\n4\n2\n4\n2\n2\n0\n2\n40\n352\n40\n92\n0\n0\n2\n0\n92\n1\n0\n0\n4\n10\n10\n92\n352\n92\n0\n0\n1\n724\n0\n352\n10\n352\n0\n724\n1\n2\n724\n2\n40\n4\n1\n1\n0\n0\n1\n0\n4\n0\n352\n724\n92\n40\n10\n4\n1\n10\n10\n4\n352\n0\n724\n92\n4\n0\n2\n0\n0\n1\n352\n92\n10\n1\n1\n2\n4\n724\n10\n1\n92\n0\n352\n0\n2\n0\n40\n724\n10\n0\n4\n40\n0\n10\n724\n10\n352\n1\n0\n4\n10\n4\n4\n2\n1\n40\n1\n40\n2\n0\n2\n92\n4\n0\n1\n40\n2\n0\n2\n0\n1\n40\n40\n352\n724\n352\n352\n40\n724\n352\n724\n92\n0\n92\n724\n0\n40\n1\n40\n724\n724\n2\n40\n10\n0\n0\n724\n92\n1\n1\n10\n2\n1\n352\n2\n1\n352\n724\n352\n10\n10\n1\n724\n1\n4\n4\n4\n4\n0\n4\n92\n2\n4\n4\n4\n92\n2\n92\n2\n724\n2\n0\n4\n92\n4\n40\n0\n10\n0\n352\n352\n0\n0\n2\n40\n724\n40\n0\n352\n10\n0\n10\n352\n0\n92\n10\n40\n352\n1\n10\n352\n0\n4\n92\n0\n92\n724\n40\n40\n0\n2\n0\n1\n92\n2\n0\n92\n2\n352\n4\n92\n352\n92\n10\n1\n1\n0\n352\n0\n4\n724\n724\n40\n352\n4\n0\n0\n2\n2\n0\n4\n40\n724\n0\n4\n4\n92\n40\n2\n0\n352\n0\n724\n10\n40\n724\n0\n40\n0\n0\n1\n0\n352\n724\n724\n10\n4\n10\n4\n2\n92\n2\n352\n724\n4\n724\n4\n0\n40\n352\n352\n4\n4\n92\n352\n40\n40\n40\n724\n40\n10\n0\n4\n92\n2\n92\n10\n10\n0\n724\n724\n10\n2\n0\n92\n352\n1\n2\n724\n4\n4\n4\n10\n2\n10\n4\n352\n4\n1\n724\n92\n352\n724\n0\n352\n40\n92\n2\n724\n10\n4\n40\n92\n10\n0\n4\n724\n0\n0\n0\n1\n2\n4\n10\n2\n0\n10\n1\n0\n10\n1\n0\n10\n724\n0\n4\n10\n40\n2\n40\n40\n0\n4\n2\n4\n352\n92\n10\n352\n4\n4\n40\n4\n0\n1\n10\n4\n352\n1\n40\n0\n0\n724\n4\n352\n2\n92\n2\n352\n352\n352\n92\n2\n352\n40\n2\n92\n0\n40\n724\n10\n92\n352\n2\n0\n92\n92\n0\n4\n92\n0\n352\n0\n10\n92\n1\n40\n10\n1\n92\n92\n0\n10\n724\n724\n2\n40\n0\n4\n4\n0\n10\n352\n0\n10\n352\n0\n352\n40\n2\n40\n2\n0\n40\n40\n0\n40\n10\n352\n352\n4\n0\n10\n92\n4\n4\n0\n10\n4\n0\n1\n2\n10\n1\n2\n92\n1\n92\n0\n10\n1\n40\n40\n10\n1\n0\n0\n0\n2\n724\n92\n92\n92\n724\n352\n1\n10\n0\n1\n0\n0\n92\n10\n10\n0\n2\n352\n92\n2\n40\n2\n4\n0\n40\n4\n40\n0\n1\n40\n4\n92\n40\n0\n1\n1\n2\n724\n10\n0\n724\n1\n4\n2\n0\n0\n4\n352\n724\n92\n40\n10\n40\n0\n40\n40\n2\n0\n40\n2\n40\n724\n92\n10\n2\n10\n2\n0\n724\n92\n1\n1\n1\n4\n0\n2\n2\n352\n0\n1\n10\n0\n0\n92\n92\n40\n4\n352\n4\n4\n1\n4\n40\n4\n1\n0\n92\n2\n2\n40\n0\n40\n1\n0\n10\n40\n4\n40\n352\n40\n4\n4\n0\n2\n4\n92\n10\n1\n1\n4\n10\n352\n724\n10\n724\n92\n40\n352\n352\n10\n92\n92\n0\n352\n0\n10\n1\n92\n0\n724\n2\n2\n10\n724\n92\n2\n724\n4\n0\n92\n10\n0\n40\n4\n724\n4\n92\n724\n0\n4\n40\n352\n4\n40\n10\n10\n0\n40\n724\n4\n724\n1\n92\n40\n92\n724\n1\n2\n352\n0\n92\n1\n0\n724\n724\n40\n92\n10\n4\n40\n1\n4\n0\n724\n4\n10\n92\n92\n4\n0\n10\n1\n352\n40\n4\n92\n1\n724\n2\n352\n352\n724\n352\n0\n2\n4\n2\n10\n40\n352\n352\n4\n10\n352\n352\n0\n40\n0\n724\n1\n4\n352\n0\n0\n4\n10\n0\n1\n10\n724\n352\n0\n1\n92\n0\n40\n40\n4\n2\n0\n0\n724\n0\n352\n1\n10\n4\n0\n10\n10\n352\n10\n10\n10\n0\n0\n2\n724\n0\n92\n40\n0\n352\n0\n92\n92\n2\n1\n1\n10\n0\n0\n40\n352\n352\n0\n0\n0\n10\n0\n92\n10\n724\n92\n352\n724\n40\n0\n2\n10\n40\n352\n724\n2\n92\n0\n40\n0\n10\n0\n0\n2\n352\n1\n2\n0\n352\n10\n92\n4\n4\n0\n2\n40\n92\n92\n724\n1\n40\n10\n2\n0\n4\n40\n1\n724\n92\n724\n92\n0\n0\n92\n2\n724\n0\n2\n352\n40\n1\n1\n2\n0\n2\n724\n724\n4\n352\n0\n1\n40\n40\n724\n40\n0\n92\n724\n0\n4\n4\n40\n92\n1\n724\n1\n40\n40\n0\n724\n0\n2\n92\n40\n10\n1\n10\n40\n40\n40\n0\n0\n10\n724\n0\n92\n4\n352\n0\n352\n4\n352\n0\n724\n2\n0\n0\n0\n0\n4\n724\n0\n10\n352\n92\n0\n10\n0\n40\n40\n724\n4\n724\n4\n40\n2\n352\n10\n1\n0\n40\n1\n0\n2\n724\n10\n1\n92\n92\n1\n2\n10\n724\n4\n352\n40\n4\n724\n724\n10\n2\n4\n1\n10\n40\n0\n0\n1\n10\n1\n10\n10\n1\n1\n1\n2\n0\n352\n40\n0\n2\n4\n2\n1\n352\n10\n40\n2\n724\n92\n0\n40\n40\n10\n1\n40\n40\n1\n4\n0\n0\n352\n40\n10\n0\n1\n92\n92\n352\n1\n2\n724\n40\n0\n724\n4\n92\n4\n352\n4\n10\n0\n2\n4\n40\n0\n352\n1\n724\n1\n40\n724\n10\n352\n4\n1\n4\n4\n0\n724\n2\n92\n724\n4\n4\n1\n0\n92\n724\n10\n0\n724\n0\n1\n92\n4\n1\n1\n10\n0\n10\n0\n352\n1\n4\n0\n2\n92\n0\n2\n2\n40\n2\n0\n724\n92\n4\n2\n724\n724\n10\n4\n352\n2\n0\n10\n724\n2\n1\n0\n0\n0\n2\n724\n724\n352\n2\n4\n2\n724\n10\n724\n10\n724\n92\n0\n0\n10\n352\n1\n2\n0\n0\n4\n0\n724\n10\n1\n40\n10\n724\n40\n40\n0\n1\n1\n0\n0\n10\n1\n92\n1\n10\n724\n4\n352\n352\n1\n40\n0\n40\n10\n724\n0\n10\n40\n0\n10\n352\n10\n1\n40\n10\n92\n0\n40\n92\n352\n92\n0\n4\n0\n40\n10\n40\n352\n40\n352\n0\n1\n10\n2\n724\n2\n92\n40\n0\n1\n10\n0\n4\n40\n0\n352\n0\n4\n40\n4\n4\n10\n2\n724\n10\n4\n1\n0\n92\n1\n352\n92\n2\n2\n1\n1\n724\n40\n352\n352\n352\n0\n0\n1\n92\n40\n352\n352\n92\n10\n0\n0\n2\n1\n724\n10\n2\n724\n92\n4\n4\n1\n0\n10\n2\n92\n92\n2\n724\n10\n4\n2\n1\n2\n10\n10\n92\n4\n92\n4\n0\n10\n352\n40\n352\n92\n0\n724\n2\n4\n0\n4\n10\n352\n352\n1\n352\n10\n4\n724\n92\n1\n2\n0\n0\n352\n1\n724\n0\n92\n352\n352\n0\n2\n10\n10\n92\n352\n92\n10\n4\n40\n0\n4\n40\n40\n0\n4\n0\n92\n352\n0\n4\n2\n1\n724\n92\n40\n40\n0\n92\n4\n1\n0\n2\n0\n4\n352\n724\n0\n352\n2\n1\n352\n4\n1\n724\n4\n2\n1\n352\n92\n40\n10\n352\n40\n40\n0\n40\n4\n92\n0\n0\n40\n0\n92\n724\n1\n10\n0\n92\n10\n4\n1\n352\n92\n40\n1\n4\n40\n4\n0\n1\n352\n352\n2\n10\n10\n352\n10\n4\n0\n40\n1\n1\n724\n724\n352\n1\n1\n40\n2\n0\n1\n4\n724\n0\n40\n10\n0\n40\n724\n10\n0\n4\n724\n40\n92\n4\n4\n724\n352\n1\n2\n1\n4\n724\n1\n724\n40\n2\n352\n2\n352\n352\n10\n0\n0\n4\n10\n352\n10\n10\n92\n724\n4\n40\n40\n352\n10\n724\n4\n10\n92\n10\n10\n352\n10\n2\n0\n4\n0\n724\n1\n0\n0\n92\n0\n352\n10\n0\n10\n1\n4\n92\n352\n4\n1\n4\n4\n10\n40\n352\n2\n724\n2\n4\n92\n1\n0\n1\n1\n4\n0\n92\n0\n0\n40\n92\n1\n10\n1\n2\n92\n352\n10\n1\n352\n724\n92\n92\n0\n0\n0\n10\n10\n40\n92\n40\n724\n4\n2\n0\n0\n2\n0\n0\n10\n10\n352\n2\n0\n0\n352\n40\n40\n0\n724\n724\n4\n10\n0\n92\n352\n352\n352\n92\n10\n1\n352\n92\n40\n0\n0\n0\n724\n2\n1\n4\n10\n0\n352\n2\n10\n0\n352\n2\n10\n724\n2\n40\n92\n40\n352\n92\n0\n40\n10\n0\n92\n0\n40\n10\n92\n1\n10\n4\n4\n0\n2\n352\n352\n2\n1\n0\n0\n92\n2\n10\n10\n352\n1\n724\n724\n352\n40\n0\n1\n10\n0\n2\n92\n10\n1\n92\n10\n0\n10\n0\n0\n724\n10\n10\n10\n0\n1\n1\n724\n0\n1\n352\n352\n352\n724\n0\n0\n4\n0\n1\n352\n40\n92\n0\n10\n1\n1\n0\n10\n92\n0\n10\n352\n724\n352\n10\n92\n40\n1\n40\n40\n724\n1\n40\n1\n1\n0\n724\n0\n10\n40\n4\n2\n2\n10\n40\n1\n2\n0\n10\n10\n0\n724\n0\n352\n92\n1\n2\n0\n4\n1\n352\n352\n2\n352\n1\n1\n4\n0\n40\n40\n40\n92\n0\n724\n0\n0\n1\n724\n0\n10\n0\n1\n1\n92\n0\n92\n2\n92\n724\n4\n10\n40\n92\n0\n92\n0\n0\n724\n10\n40\n4\n2\n0\n0\n0\n352\n724\n2\n352\n92\n2\n0\n2\n0\n724\n2\n0\n2\n352\n0\n40\n352\n0\n92\n92\n1\n0\n352\n724\n92\n1\n1\n352\n352\n4\n10\n0\n1\n10\n724\n0\n10\n1\n92\n4\n352\n1\n0\n724\n10\n0\n10\n1\n10\n0\n2\n40\n92\n0\n352\n1\n40\n1\n0\n40\n0\n0\n352\n0\n4\n4\n92\n0\n4\n92\n352\n92\n40\n92\n0\n352\n352\n724\n724\n0\n352\n724\n92\n40\n352\n1\n40\n352\n4\n2\n0\n0\n0\n40\n4\n0\n40\n4\n0\n0\n2\n92\n0\n40\n40\n10\n92\n0\n4\n352\n2\n352\n92\n10\n0\n40\n40\n2\n4\n0\n352\n2\n352\n0\n1\n724\n40\n724\n4\n10\n352\n4\n10\n0\n92\n2\n2\n40\n0\n1\n92\n92\n10\n40\n10\n0\n0\n724\n0\n724\n0\n10\n40\n92\n1\n10\n4\n1\n4\n0\n724\n352\n0\n0\n2\n2\n724\n0\n40\n1\n10\n0\n10\n2\n40\n352\n4\n0\n724\n1\n724\n352\n724\n1\n2\n724\n1\n0\n1\n4\n724\n92\n2\n40\n4\n352\n724\n4\n92\n40\n92\n4\n724\n0\n2\n352\n352\n10\n10\n40\n4\n1\n92\n724\n0\n10\n92\n724\n92\n724\n40\n352\n4\n0\n0\n2\n40\n10\n10\n0\n4\n40\n724\n352\n724\n4\n724\n724\n2\n0\n92\n724\n2\n724\n2\n0\n2\n4\n2\n724\n40\n352\n352\n10\n2\n10\n352\n2\n4\n0\n10\n10\n724\n10\n40\n0\n4\n4\n4\n40\n92\n4\n1\n4\n4\n0\n0\n4\n0\n4\n2\n724\n1\n10\n0\n352\n724\n352\n4\n724\n724\n724\n10\n40\n4\n1\n40\n1\n1\n352\n92\n10\n40\n40\n1\n40\n92\n1\n4\n92\n0\n0\n10\n2\n2\n352\n10\n92\n2\n92\n0\n352\n4\n4\n0\n0\n0\n4\n4\n724\n10\n352\n10\n40\n0\n352\n92\n352\n0\n0\n0\n0\n4\n92\n92\n10\n2\n1\n0\n10\n40\n0\n2\n1\n0\n92\n2\n0\n352\n10\n352\n92\n0\n352\n1\n0\n0\n352\n724\n1\n0\n352\n1\n2\n724\n2\n10\n352\n2\n40\n0\n724\n352\n352\n352\n724\n10\n2\n40\n1\n352\n0\n40\n352\n2\n1\n0\n4\n352\n10\n0\n0\n10\n724\n40\n0\n40\n352\n0\n724\n2\n724\n0\n92\n10\n0\n1\n0\n92\n0\n92\n10\n10\n724\n352\n724\n2\n352\n92\n40\n4\n352\n0\n724\n40\n724\n10\n724\n0\n352\n352\n0\n0\n0\n40\n40\n1\n92\n10\n1\n10\n40\n92\n2\n724\n1\n92\n10\n4\n92\n0\n352\n0\n0\n0\n4\n4\n352\n0\n352\n4\n0\n40\n4\n352\n1\n0\n0\n352\n40\n352\n4\n0\n352\n4\n0\n40\n724\n2\n1\n1\n352\n40\n0\n0\n724\n92\n10\n352\n4\n1\n1\n40\n0\n0\n92\n4\n10\n4\n352\n352\n92\n724\n4\n724\n4\n0\n0\n724\n92\n40\n40\n40\n352\n724\n4\n1\n2\n1\n0\n2\n0\n352\n352\n2\n4\n4\n724\n0\n2\n2\n1\n92\n4\n1\n0\n2\n10\n724\n1\n1\n724\n10\n1\n1\n0\n1\n40\n92\n352\n2\n10\n0\n352\n10\n0\n1\n724\n92\n10\n0\n2\n4\n724\n1\n2\n352\n40\n10\n40\n352\n10\n10\n0\n0\n92\n352\n10\n352\n352\n0\n724\n10\n2\n40\n352\n724\n92\n724\n0\n10\n4\n2\n1\n352\n0\n92\n2\n4\n2\n0\n352\n352\n92\n1\n352\n724\n92\n0\n40\n10\n724\n352\n2\n40\n2\n1\n10\n10\n2\n92\n352\n2\n40\n40\n0\n2\n352\n10\n724\n0\n0\n92\n10\n0\n0\n724\n0\n724\n4\n352\n724\n1\n0\n40\n4\n352\n0\n724\n352\n4\n724\n4\n724\n40\n352\n0\n10\n352\n0\n724\n0\n10\n4\n4\n92\n4\n0\n10\n40\n92\n2\n2\n0\n4\n2\n92\n92\n352\n0\n2\n4\n724\n4\n0\n1\n352\n724\n4\n10\n0\n0\n0\n1\n0\n40\n92\n1\n4\n4\n2\n0\n2\n40\n92\n0\n1\n2\n1\n40\n40\n1\n0\n4\n40\n724\n352\n724\n352\n2\n352\n724\n10\n4\n40\n0\n352\n1\n0\n40\n2\n92\n0\n1\n0\n724\n1\n92\n40\n352\n0\n40\n92\n724\n10\n4\n0\n2\n40\n1\n0\n0\n352\n4\n0\n10\n4\n10\n92\n40\n0\n724\n724\n0\n92\n724\n352\n0\n40\n40\n40\n92\n1\n1\n4\n4\n40\n40\n352\n4\n0\n352\n1\n10\n0\n1\n40\n0\n0\n724\n40\n0\n2\n4\n352\n0\n0\n0\n352\n4\n4\n724\n10\n2\n40\n2\n724\n40\n10\n1\n0\n92\n4\n92\n0\n40\n2\n2\n10\n2\n92\n0\n0\n724\n724\n4\n10\n724\n724\n92\n724\n0\n2\n4\n352\n724\n40\n10\n2\n10\n0\n4\n92\n352\n40\n724\n352\n40\n0\n0\n0\n10\n0\n92\n0\n10\n1\n1\n2\n40\n2\n724\n4\n352\n2\n1\n2\n92\n4\n4\n92\n10\n4\n10\n92\n92\n2\n0\n4\n92\n352\n92\n724\n92\n10\n1\n2\n724\n92\n40\n2\n0\n40\n10\n724\n4\n0\n40\n0\n352\n2\n2\n0\n10\n724\n352\n1\n40\n0\n0\n0\n40\n40\n0\n0\n2\n10\n92\n10\n92\n352\n10\n724\n2\n4\n40\n724\n724\n724\n1\n10\n352\n92\n1\n92\n0\n0\n352\n0\n352\n0\n2\n40\n10\n724\n724\n10\n1\n1\n92\n92\n2\n92\n92\n2\n40\n1\n1\n92\n2\n92\n2\n724\n2\n0\n4\n724\n2\n40\n40\n0\n352\n40\n352\n2\n0\n10\n0\n724\n352\n92\n4\n352\n4\n724\n40\n0\n1\n0\n2\n4\n4\n92\n724\n40\n0\n2\n10\n0\n10\n2\n0\n0\n724\n10\n2\n92\n92\n1\n40\n352\n352\n10\n4\n4\n724\n40\n0\n0\n1\n0\n4\n724\n352\n0\n92\n0\n4\n1\n352\n1\n1\n1\n724\n0\n2\n0\n1\n2\n0\n0\n40\n10\n2\n10\n40\n1\n352\n4\n0\n0\n10\n0\n724\n724\n352\n724\n0\n4\n4\n0\n40\n724\n352\n1\n40\n4\n4\n724\n0\n40\n0\n92\n2\n2\n0\n92\n1\n2\n1\n0\n0\n92\n40\n724\n724\n724\n0\n10\n724\n352\n40\n2\n0\n724\n2\n40\n352\n352\n2\n10\n724\n724\n0\n352\n724\n4\n40\n10\n4\n352\n0\n40\n2\n92\n92\n92\n2\n0\n352\n724\n352\n2\n352\n40\n0\n352\n40\n1\n1\n92\n724\n4\n1\n0\n724\n4\n0\n0\n40\n10\n4\n352\n724\n724\n0\n352\n10\n4\n92\n1\n40\n724\n92\n724\n0\n10\n1\n0\n1\n1\n4\n2\n40\n92\n352\n4\n92\n0\n0\n4\n352\n40\n4\n0\n0\n0\n40\n40\n1\n1\n352\n40\n352\n0\n10\n10\n92\n92\n40\n10\n4\n10\n724\n352\n1\n1\n352\n0\n724\n92\n0\n2\n1\n40\n352\n724\n92\n0\n2\n352\n10\n4\n724\n2\n92\n352\n1\n10\n2\n40\n4\n0\n0\n352\n724\n724\n0\n0\n352\n352\n0\n40\n0\n724\n10\n0\n724\n1\n92\n2\n1\n0\n2\n40\n40\n4\n0\n92\n352\n724\n4\n40\n10\n2\n2\n0\n4\n2\n10\n724\n1\n0\n724\n2\n1\n4\n40\n0\n724\n2\n352\n352\n10\n724\n10\n0\n2\n724\n4\n0\n1\n1\n4\n352\n0\n724\n724\n2\n1\n2\n0\n352\n2\n10\n352\n2\n352\n724\n0\n0\n0\n10\n352\n352\n1\n10\n0\n2\n4\n352\n40\n1\n4\n352\n352\n10\n10\n352\n10\n352\n10\n724\n724\n10\n352\n0\n10\n0\n40\n0\n10\n0\n10\n352\n352\n0\n10\n352\n352\n0\n2\n10\n0\n1\n2\n10\n92\n2\n4\n0\n1\n0\n1\n352\n2\n10\n0\n40\n724\n352\n2\n2\n40\n2\n4\n4\n1\n2\n0\n0\n92\n10\n0\n1\n2\n10\n40\n92\n352\n0\n40\n0\n2\n4\n1\n0\n92\n724\n92\n724\n0\n92\n10\n724\n0\n1\n0\n0\n1\n0\n40\n0\n10\n40\n10\n10\n10\n2\n92\n724\n1\n0\n352\n1\n724\n40\n352\n352\n1\n0\n40\n1\n352\n4\n724\n724\n4\n4\n40\n10\n10\n92\n352\n2\n724\n352\n352\n724\n1\n92\n10\n2\n2\n0\n1\n724\n10\n2\n2\n724\n352\n2\n40\n10\n0\n2\n0\n10\n92\n724\n92\n724\n1\n10\n10\n1\n92\n2\n0\n352\n0\n2\n92\n10\n1\n40\n2\n0\n2\n0\n40\n4\n4\n724\n40\n92\n1\n92\n0\n40\n40\n4\n0\n724\n4\n0\n1\n352\n352\n1\n4\n10\n4\n92\n10\n0\n40\n2\n4\n92\n0\n0\n10\n92\n352\n0\n352\n92\n724\n4\n92\n4\n92\n10\n352\n0\n1\n1\n0\n40\n724\n0\n10\n352\n1\n0\n2\n10\n352\n92\n724\n1\n1\n0\n4\n40\n10\n0\n40\n4\n724\n10\n724\n10\n10\n0\n40\n1\n724\n1\n0\n2\n2\n10\n4\n1\n0\n724\n10\n352\n4\n40\n352\n724\n4\n724\n0\n2\n2\n2\n0\n2\n40\n4\n724\n92\n0\n0\n4\n10\n724\n0\n0\n92\n352\n2\n352\n92\n724\n10\n352\n2\n352\n40\n724\n0\n40\n352\n0\n40\n4\n0\n352\n0\n0\n724\n92\n4\n1\n724\n0\n352\n2\n0\n724\n2\n352\n4\n40\n724\n2\n0\n92\n0\n40\n352\n10\n40\n724\n92\n352\n0\n4\n2\n724\n92\n4\n40\n2\n352\n2\n0\n1\n1\n0\n92\n10\n352\n0\n40\n92\n352\n352\n92\n724\n0\n40\n10\n10\n40\n2\n724\n0\n2\n2\n1\n724\n40\n40\n1\n352\n2\n0\n0\n4\n0\n352\n724\n352\n2\n4\n40\n2\n4\n0\n10\n40\n0\n40\n4\n10\n10\n0\n2\n92\n0\n0\n10\n2\n352\n0\n2\n352\n10\n40\n352\n1\n0\n2\n724\n0\n2\n92\n0\n352\n4\n2\n1\n92\n10\n724\n2\n10\n2\n92\n4\n0\n724\n92\n724\n724\n0\n0\n0\n92\n0\n10\n2\n4\n92\n40\n10\n40\n352\n1\n724\n0\n10\n10\n40\n40\n2\n352\n4\n0\n10\n0\n40\n40\n0\n724\n92\n92\n2\n0\n40\n352\n0\n4\n92\n2\n724\n352\n0\n4\n0\n0\n352\n352\n352\n10\n92\n0\n724\n4\n2\n352\n724\n92\n4\n0\n10\n724\n4\n0\n10\n0\n724\n0\n92\n1\n4\n0\n724\n40\n1\n40\n92\n4\n0\n0\n40\n0\n352\n2\n10\n352\n1\n10\n2\n10\n40\n10\n0\n40\n4\n10\n40\n724\n10\n92\n92\n352\n0\n1\n40\n0\n0\n40\n0\n0\n4\n40\n40\n352\n1\n1\n92\n1\n724\n0\n0\n0\n352\n92\n2\n10\n0\n352\n2\n1\n352\n0\n92\n352\n0\n0\n0\n40\n2\n724\n4\n40\n40\n0\n40\n4\n1\n0\n0\n1\n2\n2\n92\n724\n1\n92\n0\n724\n2\n0\n724\n92\n2\n1\n4\n1\n2\n2\n10\n352\n1\n2\n0\n4\n724\n40\n724\n2\n0\n10\n40\n1\n724\n40\n92\n2\n92\n0\n352\n92\n0\n724\n92\n1\n0\n0\n352\n0\n724\n1\n0\n724\n10\n352\n0\n724\n0\n10\n4\n92\n40\n4\n2\n0\n1\n92\n4\n724\n40\n2\n10\n10\n2\n352\n2\n10\n0\n4\n2\n724\n0\n0\n724\n1\n0\n10\n10\n10\n352\n1\n0\n0\n352\n1\n724\n1\n92\n352\n724\n0\n724\n4\n0\n1\n4\n2\n2\n352\n40\n92\n0\n724\n1\n92\n1\n92\n0\n2\n10\n2\n724\n724\n352\n4\n10\n2\n0\n724\n0\n724\n40\n40\n724\n0\n1\n1\n724\n40\n2\n10\n724\n92\n352\n40\n0\n724\n352\n92\n4\n1\n92\n0\n10\n40\n40\n1\n2\n2\n2\n1\n40\n4\n92\n0\n4\n2\n352\n2\n724\n724\n92\n0\n724\n0\n724\n10\n40\n724\n2\n724\n10\n1\n724\n92\n1\n724\n352\n0\n2\n1\n10\n352\n92\n0\n1\n2\n1\n4\n352\n0\n0\n40\n4\n4\n2\n2\n10\n4\n352\n4\n4\n40\n724\n2\n724\n40\n724\n10\n1\n40\n352\n40\n92\n4\n0\n1\n352\n4\n0\n724\n4\n10\n0\n2\n724\n0\n352\n40\n10\n40\n4\n2\n0\n92\n10\n92\n2\n92\n1\n40\n92\n0\n4\n92\n0\n10\n0\n10\n724\n352\n40\n352\n1\n4\n724\n352\n0\n10\n4\n352\n1\n352\n4\n4\n92\n92\n0\n1\n40\n0\n2\n40\n2\n1\n0\n4\n0\n92\n4\n4\n92\n4\n10\n4\n40\n1\n1\n40\n352\n10\n4\n1\n1\n10\n352\n4\n92\n4\n352\n92\n4\n4\n92\n10\n1\n724\n1\n2\n724\n10\n4\n10\n10\n2\n10\n92\n0\n92\n0\n10\n4\n0\n92\n2\n40\n2\n724\n352\n0\n2\n724\n1\n0\n92\n724\n92\n0\n92\n1\n0\n1\n352\n724\n92\n352\n724\n92\n2\n10\n0\n2\n10\n1\n2\n92\n4\n352\n0\n10\n40\n40\n724\n92\n1\n40\n2\n352\n2\n40\n0\n10\n0\n4\n2\n724\n352\n0\n4\n0\n92\n2\n0\n0\n40\n40\n0\n40\n0\n0\n92\n40\n10\n0\n4\n92\n2\n724\n4\n724\n40\n2\n1\n0\n10\n724\n92\n1\n4\n724\n1\n0\n0\n0\n1\n0\n352\n0\n0\n352\n2\n2\n352\n92\n4\n4\n2\n4\n2\n0\n1\n0\n2\n2\n0\n724\n2\n0\n0\n10\n352\n352\n40\n0\n0\n352\n0\n10\n724\n724\n724\n40\n0\n40\n1\n1\n40\n2\n10\n0\n4\n724\n724\n724\n724\n0\n0\n1\n40\n92\n10\n2\n40\n10\n4\n1\n40\n1\n0\n1\n0\n2\n352\n1\n0\n92\n0\n352\n10\n724\n724\n0\n4\n724\n1\n92\n0\n4\n4\n4\n0\n0\n1\n0\n0\n0\n10\n2\n0\n2\n1\n4\n0\n724\n92\n0\n40\n2\n92\n0\n724\n0\n2\n2\n0\n1\n4\n40\n92\n2\n1\n352\n4\n352\n352\n2\n92\n1\n0\n10\n1\n4\n0\n0\n1\n40\n1\n2\n40\n2\n2\n2\n40\n2\n0\n0\n0\n352\n1\n92\n352\n1\n1\n4\n40\n92\n1\n40\n4\n0\n2\n352\n0\n2\n1\n352\n352\n1\n10\n92\n2\n40\n4\n92\n40\n4\n10\n4\n1\n4\n352\n4\n1\n0\n1\n0\n40\n0\n0\n40\n0\n352\n40\n352\n4\n0\n10\n10\n0\n724\n0\n2\n352\n2\n724\n4\n4\n1\n10\n4\n4\n0\n352\n352\n1\n4\n0\n1\n2\n724\n4\n724\n1\n1\n10\n92\n0\n10\n724\n92\n10\n92\n0\n0\n0\n4\n724\n0\n2\n2\n10\n40\n0\n352\n352\n4\n724\n2\n1\n4\n724\n4\n92\n10\n4\n40\n92\n40\n352\n1\n40\n2\n724\n352\n724\n0\n2\n1\n40\n1\n724\n724\n2\n4\n40\n0\n0\n0\n0\n40\n724\n724\n92\n4\n1\n1\n2\n1\n2\n0\n2\n0\n0\n4\n1\n724\n352\n0\n2\n10\n2\n1\n40\n0\n4\n1\n92\n40\n10\n40\n1\n92\n724\n10\n92\n92\n0\n92\n40\n352\n0\n724\n4\n1\n0\n4\n40\n724\n92\n4\n352\n1\n2\n352\n352\n1\n10\n40\n1\n92\n724\n40\n724\n4\n0\n2\n0\n352\n724\n352\n1\n10\n40\n0\n1\n2\n724\n0\n4\n10\n10\n0\n0\n0\n0\n0\n92\n0\n2\n92\n40\n40\n2\n40\n0\n10\n724\n2\n1\n724\n352\n2\n0\n92\n4\n40\n0\n352\n10\n724\n1\n1\n2\n1\n40\n0\n0\n0\n0\n92\n0\n352\n724\n1\n0\n0\n1\n0\n352\n1\n4\n1\n1\n352\n1\n724\n724\n0\n4\n0\n0\n4\n2\n4\n2\n40\n0\n352\n0\n0\n1\n4\n1\n1\n0\n352\n4\n2\n40\n4\n40\n724\n40\n0\n0\n724\n10\n0\n352\n10\n2\n1\n0\n1\n4\n0\n0\n724\n4\n40\n10\n0\n92\n2\n10\n352\n2\n40\n0\n352\n352\n10\n0\n352\n92\n2\n1\n40\n724\n352\n4\n92\n40\n0\n352\n4\n724\n724\n0\n4\n1\n92\n10\n92\n352\n724\n724\n92\n40\n1\n92\n0\n4\n352\n4\n724\n92\n92\n0\n0\n4\n2\n40\n2\n724\n352\n4\n1\n40\n0\n4\n10\n40\n40\n4\n4\n0\n0\n0\n10\n0\n1\n2\n2\n724\n724\n2\n724\n10\n10\n4\n724\n724\n724\n92\n1\n1\n10\n4\n0\n0\n1\n40\n0\n1\n4\n724\n92\n724\n0\n0\n0\n4\n1\n1\n0\n92\n4\n40\n10\n2\n0\n10\n4\n2\n4\n724\n4\n10\n4\n40\n2\n724\n92\n10\n724\n10\n92\n352\n10\n0\n724\n724\n4\n352\n352\n724\n10\n4\n4\n2\n40\n92\n1\n10\n1\n724\n0\n10\n0\n40\n2\n0\n2\n2\n2\n40\n0\n1\n724\n724\n40\n0\n2\n1\n1\n4\n352\n0\n2\n352\n4\n0\n2\n724\n4\n10\n4\n4\n724\n92\n2\n352\n2\n352\n92\n0\n92\n40\n40\n0\n0\n352\n40\n724\n0\n10\n1\n4\n352\n10\n0\n724\n2\n2\n1\n0\n40\n92\n0\n10\n10\n0\n352\n92\n10\n1\n724\n40\n4\n0\n1\n4\n4\n92\n10\n92\n92\n352\n10\n352\n92\n0\n352\n0\n4\n10\n0\n724\n0\n4\n10\n92\n0\n724\n40\n92\n724\n40\n352\n1\n1\n92\n2\n724\n1\n2\n0\n40\n4\n0\n4\n352\n0\n4\n40\n0\n2\n2\n0\n0\n4\n0\n10\n352\n0\n10\n10\n352\n0\n40\n724\n0\n352\n4\n1\n0\n92\n0\n4\n0\n92\n724\n40\n2\n0\n352\n0\n92\n4\n10\n10\n724\n1\n10\n0\n0\n2\n1\n0\n724\n1\n2\n4\n352\n0\n352\n4\n724\n10\n40\n0\n724\n92\n724\n724\n92\n1\n92\n92\n92\n4\n92\n0\n0\n2\n4\n724\n1\n352\n2\n724\n40\n0\n352\n92\n0\n0\n40\n40\n4\n40\n10\n1\n10\n2\n2\n10\n724\n0\n724\n2\n0\n10\n0\n0\n0\n1\n1\n724\n10\n92\n724\n2\n40\n1\n2\n2\n0\n40\n352\n92\n2\n4\n724\n352\n92\n1\n92\n352\n1\n0\n10\n0\n0\n0\n40\n0\n1\n352\n1\n4\n40\n2\n4\n0\n40\n724\n92\n1\n352\n0\n40\n92\n10\n40\n10\n4\n40\n10\n724\n724\n40\n40\n2\n1\n4\n1\n4\n724\n352\n724\n1\n724\n92\n40\n0\n0\n1\n10\n0\n92\n0\n0\n1\n724\n0\n1\n92\n1\n4\n0\n2\n1\n352\n1\n10\n352\n40\n4\n92\n10\n1\n724\n0\n1\n0\n0\n1\n92\n1\n4\n0\n0\n40\n10\n92\n724\n724\n724\n40\n10\n10\n92\n0\n10\n724\n724\n92\n4\n2\n724\n352\n724\n352\n1\n40\n0\n92\n352\n10\n10\n0\n10\n4\n4\n92\n0\n0\n0\n0\n352\n724\n4\n4\n0\n40\n4\n352\n724\n0\n352\n4\n0\n40\n1\n0\n92\n40\n1\n10\n2\n10\n92\n2\n4\n92\n724\n92\n10\n1\n352\n40\n0\n0\n1\n1\n0\n1\n40\n10\n352\n1\n1\n724\n10\n0\n40\n4\n10\n40\n92\n1\n0\n92\n10\n4\n40\n40\n0\n724\n1\n10\n352\n2\n0\n1\n10\n352\n4\n0\n2\n1\n2\n2\n10\n1\n10\n40\n2\n40\n92\n1\n10\n352\n10\n4\n2\n352\n724\n92\n352\n40\n2\n4\n0\n724\n4\n352\n2\n4\n724\n352\n2\n40\n352\n10\n40\n10\n10\n0\n2\n1\n2\n40\n40\n40\n0\n0\n352\n0\n724\n4\n724\n0\n10\n92\n2\n0\n2\n0\n1\n1\n40\n4\n2\n0\n4\n10\n1\n92\n10\n0\n2\n1\n92\n1\n10\n1\n352\n4\n724\n2\n0\n0\n724\n2\n724\n0\n40\n0\n0\n724\n0\n0\n724\n724\n40\n92\n1\n40\n40\n92\n40\n2\n352\n40\n10\n0\n0\n0\n352\n1\n4\n10\n724\n0\n0\n0\n0\n10\n0\n92\n724\n0\n40\n10\n4\n2\n0\n724\n4\n724\n1\n2\n4\n40\n0\n10\n0\n0\n2\n92\n352\n0\n0\n0\n1\n0\n352\n352\n40\n40\n1\n10\n92\n40\n4\n1\n40\n724\n92\n1\n10\n2\n0\n92\n4\n1\n4\n724\n0\n2\n92\n92\n40\n40\n1\n1\n1\n40\n352\n4\n1\n40\n92\n0\n0\n92\n4\n40\n0\n2\n724\n0\n0\n92\n352\n0\n92\n0\n4\n2\n724\n0\n2\n40\n0\n10\n0\n352\n724\n92\n40\n10\n10\n0\n40\n2\n0\n2\n724\n10\n724\n0\n1\n724\n4\n0\n92\n1\n2\n92\n1\n352\n724\n4\n724\n1\n4\n40\n352\n724\n724\n1\n724\n10\n1\n1\n0\n40\n0\n1\n352\n0\n0\n0\n2\n92\n1\n352\n1\n92\n2\n0\n0\n724\n10\n2\n1\n0\n1\n92\n40\n10\n4\n10\n40\n724\n0\n1\n1\n40\n0\n1\n0\n10\n0\n0\n0\n0\n10\n1\n352\n1\n0\n92\n724\n1\n0\n0\n352\n0\n1\n0\n352\n724\n352\n724\n352\n724\n0\n0\n0\n0\n0\n92\n1\n2\n352\n10\n0\n4\n10\n0\n724\n2\n10\n0\n0\n4\n352\n2\n724\n92\n0\n0\n724\n352\n724\n10\n92\n352\n2\n352\n1\n2\n1\n40\n40\n724\n92\n92\n92\n724\n92\n0\n92\n10\n0\n0\n4\n40\n1\n4\n92\n92\n92\n1\n4\n2\n0\n40\n2\n2\n92\n352\n40\n0\n10\n40\n10\n352\n10\n0\n10\n10\n0\n0\n92\n1\n40\n0\n0\n1\n0\n40\n724\n92\n0\n10\n1\n92\n1\n724\n40\n724\n0\n2\n724\n92\n4\n40\n40\n352\n4\n352\n0\n10\n0\n92\n724\n1\n0\n724\n4\n0\n92\n1\n724\n1\n2\n0\n2\n92\n0\n2\n10\n2\n724\n0\n2\n92\n92\n0\n0\n352\n40\n0\n352\n2\n10\n0\n352\n2\n10\n4\n10\n1\n10\n724\n724\n92\n1\n0\n352\n0\n0\n352\n352\n40\n92\n0\n724\n92\n40\n40\n92\n0\n0\n10\n92\n10\n4\n1\n92\n40\n0\n352\n1\n10\n0\n2\n1\n0\n40\n1\n0\n352\n1\n92\n92\n2\n92\n0\n0\n4\n4\n0\n1\n724\n2\n724\n0\n4\n2\n40\n0\n40\n40\n1\n0\n352\n724\n2\n2\n1\n4\n10\n0\n2\n724\n0\n0\n0\n10\n352\n1\n0\n92\n724\n1\n0\n92\n724\n92\n4\n0\n92\n40\n40\n2\n4\n724\n40\n0\n0\n92\n0\n352\n1\n40\n724\n0\n0\n0\n2\n0\n724\n92\n10\n40\n92\n352\n1\n0\n40\n352\n92\n0\n1\n0\n10\n1\n92\n40\n40\n2\n40\n0\n352\n0\n352\n40\n2\n4\n2\n92\n352\n40\n92\n40\n0\n0\n10\n724\n1\n0\n352\n352\n4\n2\n1\n352\n1\n0\n92\n724\n0\n4\n10\n724\n1\n352\n92\n0\n2\n352\n10\n0\n0\n2\n40\n0\n0\n1\n724\n724\n40\n0\n352\n10\n352\n10\n352\n1\n10\n92\n352\n352\n724\n724\n0\n724\n0\n724\n40\n1\n92\n40\n352\n2\n4\n0\n0\n40\n2\n352\n2\n1\n92\n0\n352\n40\n2\n10\n0\n724\n2\n2\n1\n4\n352\n2\n4\n352\n1\n10\n0\n0\n1\n40\n352\n724\n352\n2\n92\n92\n352\n10\n40\n724\n4\n0\n40\n0\n0\n40\n10\n1\n92\n4\n1\n724\n0\n724\n40\n352\n92\n92\n352\n92\n724\n724\n0\n724\n4\n10\n92\n40\n40\n352\n0\n4\n724\n10\n10\n724\n40\n1\n4\n724\n724\n4\n1\n352\n10\n4\n40\n92\n10\n10\n0\n724\n2\n0\n724\n0\n10\n0\n2\n352\n4\n352\n10\n1\n724\n724\n4\n40\n0\n2\n4\n2\n2\n0\n0\n352\n92\n4\n352\n352\n0\n10\n1\n92\n1\n352\n1\n0\n724\n40\n2\n10\n40\n2\n10\n352\n40\n352\n0\n0\n4\n724\n0\n724\n1\n1\n10\n10\n352\n724\n352\n10\n1\n2\n92\n4\n4\n1\n1\n92\n40\n0\n1\n40\n40\n0\n92\n0\n1\n2\n92\n724\n2\n92\n10\n10\n10\n40\n0\n724\n0\n1\n724\n0\n2\n92\n1\n352\n2\n0\n92\n4\n0\n92\n0\n352\n1\n352\n0\n0\n40\n4\n724\n2\n0\n1\n92\n352\n1\n4\n2\n352\n352\n1\n1\n10\n2\n4\n724\n92\n40\n724\n352\n0\n10\n1\n0\n10\n352\n2\n92\n1\n4\n10\n92\n40\n40\n0\n352\n40\n0\n10\n352\n352\n10\n0\n2\n40\n10\n92\n92\n2\n92\n40\n2\n352\n92\n352\n4\n40\n92\n1\n2\n1\n352\n0\n0\n40\n4\n352\n1\n724\n92\n4\n40\n0\n1\n0\n92\n40\n352\n92\n0\n10\n352\n10\n92\n40\n2\n92\n0\n0\n352\n352\n2\n0\n2\n724\n92\n1\n92\n352\n2\n10\n4\n2\n10\n4\n0\n1\n0\n724\n2\n10\n352\n0\n92\n0\n724\n40\n10\n10\n0\n0\n0\n40\n2\n0\n1\n92\n0\n10\n1\n724\n352\n2\n40\n2\n2\n4\n352\n10\n4\n724\n352\n724\n2\n1\n0\n2\n4\n352\n4\n1\n1\n92\n0\n352\n40\n352\n1\n1\n2\n0\n40\n724\n0\n2\n0\n4\n724\n92\n4\n4\n352\n0\n40\n40\n92\n2\n10\n724\n10\n40\n92\n0\n0\n724\n4\n724\n92\n1\n0\n0\n0\n92\n2\n0\n92\n2\n0\n40\n92\n10\n4\n2\n4\n0\n724\n1\n352\n724\n0\n724\n4\n40\n0\n0\n0\n92\n2\n2\n352\n10\n40\n1\n92\n1\n4\n0\n40\n4\n4\n10\n724\n10\n1\n10\n2\n1\n10\n92\n0\n4\n724\n10\n724\n1\n4\n40\n2\n40\n1\n4\n0\n724\n724\n40\n4\n0\n2\n10\n1\n1\n4\n0\n0\n724\n10\n4\n724\n0\n2\n352\n0\n10\n2\n0\n724\n2\n1\n40\n40\n92\n40\n1\n1\n0\n0\n10\n352\n1\n4\n4\n352\n0\n10\n10\n0\n4\n1\n92\n2\n40\n0\n40\n352\n2\n10\n92\n724\n724\n40\n0\n352\n724\n4\n724\n724\n0\n10\n92\n724\n2\n4\n10\n352\n4\n1\n1\n0\n40\n1\n352\n92\n10\n40\n40\n2\n4\n1\n1\n0\n4\n0\n0\n2\n40\n0\n10\n92\n1\n40\n92\n4\n92\n1\n92\n0\n40\n352\n2\n0\n92\n2\n352\n0\n0\n352\n92\n40\n352\n10\n92\n2\n92\n4\n724\n2\n2\n0\n0\n0\n724\n2\n92\n2\n92\n92\n1\n4\n2\n724\n0\n0\n0\n724\n4\n1\n10\n2\n4\n40\n0\n1\n352\n40\n1\n10\n352\n4\n0\n352\n40\n10\n0\n0\n724\n0\n1\n352\n2\n0\n0\n92\n92\n0\n724\n0\n724\n352\n40\n2\n10\n92\n0\n352\n352\n10\n0\n724\n10\n1\n10\n724\n10\n2\n10\n352\n724\n1\n4\n0\n0\n2\n4\n0\n10\n10\n0\n4\n40\n724\n352\n352\n352\n10\n92\n4\n352\n4\n1\n2\n92\n0\n1\n0\n2\n1\n10\n92\n2\n4\n0\n4\n2\n352\n2\n1\n1\n0\n2\n92\n4\n724\n10\n2\n724\n1\n724\n0\n0\n1\n352\n10\n2\n724\n724\n40\n724\n0\n92\n10\n352\n0\n0\n352\n352\n2\n0\n2\n0\n4\n0\n0\n0\n0\n0\n352\n40\n352\n40\n1\n0\n10\n0\n40\n10\n40\n352\n352\n40\n10\n0\n352\n40\n92\n4\n0\n4\n2\n92\n10\n40\n40\n1\n352\n4\n724\n2\n2\n2\n0\n0\n0\n92\n10\n352\n1\n0\n10\n0\n724\n4\n0\n724\n2\n0\n2\n92\n0\n352\n724\n0\n92\n92\n40\n724\n10\n2\n4\n4\n2\n40\n0\n724\n92\n4\n724\n4\n4\n1\n4\n352\n92\n352\n10\n1\n724\n0\n10\n4\n352\n1\n40\n724\n352\n0\n2\n1\n352\n40\n352\n0\n352\n92\n4\n352\n40\n40\n2\n1\n1\n724\n10\n2\n1\n352\n40\n724\n0\n10\n1\n0\n10\n0\n10\n40\n92\n40\n10\n10\n1\n4\n4\n10\n0\n2\n352\n4\n352\n0\n724\n1\n1\n352\n40\n40\n40\n724\n10\n0\n4\n0\n724\n2\n352\n0\n92\n0\n1\n724\n4\n92\n352\n0\n1\n352\n40\n92\n2\n1\n0\n2\n1\n0\n92\n10\n724\n352\n10\n4\n0\n1\n724\n40\n2\n0\n4\n352\n352\n0\n352\n0\n40\n0\n0\n10\n724\n0\n10\n40\n0\n0\n2\n724\n4\n10\n0\n2\n2\n40\n724\n10\n4\n352\n92\n4\n724\n0\n352\n2\n10\n0\n0\n40\n724\n2\n10\n1\n92\n2\n0\n724\n92\n10\n352\n2\n40\n4\n4\n40\n4\n0\n352\n92\n40\n92\n0\n2\n2\n352\n92\n724\n352\n352\n0\n40\n1\n2\n40\n40\n0\n0\n2\n92\n724\n40\n2\n352\n40\n352\n92\n0\n724\n92\n10\n40\n40\n0\n352\n2\n352\n4\n1\n352\n0\n92\n724\n724\n1\n92\n1\n0\n40\n92\n4\n0\n4\n92\n352\n1\n724\n0\n724\n92\n10\n2\n1\n0\n1\n2\n40\n92\n0\n724\n4\n92\n724\n1\n1\n2\n4\n724\n40\n352\n92\n2\n0\n2\n724\n1\n92\n2\n4\n724\n4\n724\n92\n4\n724\n40\n2\n2\n1\n352\n92\n92\n352\n40\n724\n1\n4\n4\n4\n2\n4\n724\n724\n0\n2\n0\n2\n1\n92\n352\n10\n10\n0\n4\n40\n10\n724\n10\n2\n1\n10\n10\n40\n10\n4\n724\n10\n4\n2\n352\n2\n0\n10\n352\n352\n92\n1\n92\n10\n2\n1\n4\n0\n10\n4\n2\n40\n0\n0\n4\n0\n10\n1\n724\n1\n0\n2\n40\n0\n352\n10\n92\n724\n2\n4\n0\n352\n10\n352\n724\n0\n4\n92\n4\n0\n10\n10\n4\n352\n92\n4\n0\n10\n40\n0\n352\n724\n1\n0\n0\n0\n1\n10\n10\n0\n1\n724\n724\n0\n0\n0\n0\n0\n2\n2\n4\n2\n1\n10\n352\n40\n0\n352\n724\n1\n0\n40\n4\n724\n40\n1\n724\n40\n92\n92\n724\n0\n0\n2\n92\n1\n352\n352\n4\n1\n40\n724\n724\n4\n92\n724\n352\n40\n0\n1\n92\n0\n92\n2\n0\n92\n0\n2\n1\n352\n0\n40\n92\n0\n4\n2\n352\n1\n4\n0\n10\n10\n724\n724\n352\n2\n352\n1\n4\n0\n724\n0\n2\n2\n92\n352\n40\n40\n10\n2\n92\n92\n724\n92\n2\n40\n0\n10\n2\n352\n4\n724\n4\n0\n2\n4\n0\n1\n1\n4\n724\n10\n4\n40\n0\n2\n724\n352\n724\n0\n40\n2\n92\n2\n0\n724\n1\n0\n2\n1\n92\n2\n352\n724\n10\n10\n1\n2\n1\n724\n40\n10\n40\n2\n92\n352\n2\n10\n92\n352\n92\n40\n724\n40\n352\n0\n10\n0\n352\n352\n10\n40\n92\n2\n352\n352\n40\n4\n40\n0\n724\n724\n0\n2\n92\n1\n724\n0\n724\n0\n352\n10\n2\n352\n40\n92\n92\n352\n0\n2\n10\n0\n352\n10\n92\n92\n10\n4\n724\n724\n724\n0\n2\n0\n40\n1\n1\n0\n2\n1\n4\n352\n0\n0\n0\n1\n10\n352\n0\n10\n0\n724\n4\n1\n92\n0\n0\n0\n40\n10\n352\n1\n4\n40\n4\n1\n2\n10\n352\n40\n4\n1\n1\n2\n352\n4\n40\n0\n2\n0\n40\n2\n1\n0\n352\n40\n10\n0\n724\n0\n92\n724\n724\n40\n92\n10\n40\n40\n40\n40\n724\n2\n92\n10\n40\n724\n352\n4\n352\n4\n40\n2\n92\n0\n0\n4\n40\n724\n1\n0\n40\n10\n0\n40\n40\n1\n92\n0\n0\n1\n352\n4\n1\n40\n724\n0\n92\n2\n40\n4\n10\n92\n352\n4\n352\n1\n1\n352\n0\n92\n0\n2\n10\n92\n0\n0\n352\n92\n2\n0\n1\n352\n92\n724\n40\n352\n4\n724\n0\n724\n10\n92\n2\n2\n724\n4\n1\n2\n1\n92\n2\n2\n0\n92\n1\n40\n2\n10\n4\n724\n2\n92\n724\n10\n2\n0\n40\n10\n0\n724\n92\n0\n0\n724\n1\n352\n4\n1\n4\n4\n1\n1\n0\n2\n1\n0\n92\n4\n10\n10\n4\n724\n1\n2\n352\n2\n0\n92\n0\n40\n352\n1\n1\n4\n724\n40\n0\n4\n10\n10\n92\n0\n10\n724\n0\n352\n724\n10\n92\n0\n40\n724\n724\n352\n352\n724\n10\n352\n92\n1\n2\n2\n0\n352\n4\n0\n0\n724\n2\n352\n0\n0\n92\n1\n352\n724\n724\n0\n0\n0\n1\n40\n724\n1\n0\n0\n40\n40\n352\n352\n2\n724\n92\n0\n92\n0\n0\n92\n1\n1\n4\n92\n2\n352\n10\n352\n724\n0\n0\n4\n0\n352\n724\n0\n724\n352\n92\n10\n10\n10\n40\n40\n1\n1\n40\n1\n0\n40\n352\n1\n352\n10\n4\n0\n40\n0\n1\n724\n724\n0\n1\n40\n352\n0\n92\n0\n4\n4\n0\n10\n40\n352\n40\n352\n1\n1\n0\n40\n352\n0\n0\n0\n0\n352\n1\n10\n352\n0\n10\n40\n10\n40\n40\n0\n0\n40\n4\n352\n352\n0\n0\n0\n2\n40\n0\n724\n4\n10\n1\n40\n724\n1\n0\n1\n2\n352\n2\n92\n1\n0\n352\n40\n40\n0\n0\n0\n352\n1\n92\n10\n92\n4\n4\n4\n0\n2\n1\n92\n0\n2\n0\n1\n724\n0\n352\n92\n10\n2\n724\n4\n0\n0\n10\n0\n1\n1\n2\n724\n4\n40\n1\n0\n352\n0\n1\n0\n724\n2\n352\n92\n0\n4\n2\n0\n1\n2\n10\n724\n10\n40\n352\n352\n40\n2\n1\n0\n1\n40\n40\n40\n10\n0\n4\n352\n10\n0\n0\n10\n1\n1\n4\n92\n0\n352\n0\n0\n1\n4\n4\n10\n4\n2\n92\n10\n1\n0\n10\n0\n10\n352\n352\n1\n92\n0\n724\n10\n1\n40\n10\n0\n10\n2\n40\n724\n352\n352\n724\n0\n40\n2\n0\n92\n10\n92\n0\n0\n2\n2\n0\n10\n4\n10\n1\n40\n0\n724\n92\n10\n724\n352\n92\n0\n40\n40\n4\n4\n2\n10\n0\n724\n2\n2\n1\n92\n1\n0\n1\n92\n0\n4\n2\n4\n10\n40\n1\n352\n724\n0\n4\n0\n1\n40\n724\n0\n0\n724\n352\n352\n92\n2\n4\n1\n0\n0\n92\n2\n2\n10\n4\n10\n724\n1\n352\n1\n724\n4\n352\n352\n2\n724\n40\n4\n0\n10\n10\n0\n40\n724\n40\n92\n352\n0\n1\n4\n2\n0\n10\n1\n92\n40\n40\n352\n10\n40\n0\n10\n352\n0\n4\n40\n724\n1\n352\n40\n0\n4\n40\n4\n92\n352\n40\n0\n1\n4\n10\n0\n92\n0\n4\n0\n92\n352\n2\n352\n0\n4\n40\n92\n1\n10\n352\n724\n2\n0\n0\n2\n352\n724\n0\n352\n2\n92\n352\n1\n92\n1\n2\n0\n40\n40\n0\n4\n2\n40\n92\n1\n10\n724\n1\n92\n1\n0\n724\n4\n40\n92\n724\n724\n40\n1\n0\n92\n724\n2\n2\n1\n40\n0\n40\n2\n0\n2\n40\n40\n40\n10\n4\n0\n4\n1\n92\n1\n92\n1\n4\n10\n10\n0\n0\n10\n4\n1\n0\n10\n92\n10\n92\n0\n10\n4\n1\n0\n2\n1\n2\n92\n1\n0\n92\n724\n0\n352\n2\n0\n724\n4\n1\n10\n724\n352\n10\n724\n724\n352\n2\n0\n2\n0\n724\n92\n0\n92\n0\n92\n4\n724\n724\n0\n0\n4\n0\n4\n4\n92\n10\n4\n1\n40\n724\n4\n40\n724\n92\n92\n10\n10\n352\n4\n4\n1\n0\n0\n724\n0\n0\n352\n1\n1\n0\n1\n0\n0\n92\n0\n4\n0\n92\n0\n1\n10\n92\n352\n4\n4\n352\n4\n0\n10\n724\n92\n10\n352\n352\n4\n0\n1\n724\n40\n40\n92\n724\n40\n92\n10\n4\n724\n724\n92\n724\n352\n352\n4\n2\n0\n0\n4\n352\n2\n0\n2\n0\n40\n2\n352\n0\n352\n1\n0\n0\n0\n4\n0\n2\n1\n10\n92\n724\n4\n2\n10\n0\n0\n4\n2\n0\n724\n2\n0\n352\n724\n4\n352\n4\n352\n352\n2\n352\n1\n4\n352\n4\n2\n724\n352\n0\n92\n1\n0\n0\n0\n10\n0\n92\n0\n724\n10\n4\n1\n0\n724\n724\n40\n40\n0\n2\n4\n92\n724\n40\n0\n352\n724\n4\n0\n0\n92\n10\n0\n4\n1\n92\n4\n2\n1\n0\n10\n0\n0\n0\n92\n10\n92\n10\n724\n0\n92\n352\n40\n40\n0\n4\n4\n2\n4\n92\n10\n4\n4\n0\n0\n724\n10\n10\n0\n10\n724\n0\n40\n352\n352\n0\n1\n2\n4\n724\n0\n40\n724\n10\n4\n0\n352\n724\n1\n92\n0\n0\n0\n10\n352\n0\n2\n40\n2\n10\n0\n92\n352\n1\n352\n1\n4\n0\n40\n2\n10\n2\n4\n40\n0\n352\n0\n4\n4\n92\n724\n92\n0\n724\n4\n92\n352\n92\n2\n10\n352\n2\n724\n1\n1\n352\n4\n1\n0\n2\n724\n4\n92\n2\n92\n92\n352\n10\n352\n2\n4\n40\n10\n0\n40\n4\n10\n724\n10\n2\n92\n724\n40\n352\n0\n40\n92\n0\n352\n352\n352\n0\n352\n10\n92\n1\n1\n724\n352\n352\n92\n0\n92\n0\n724\n352\n1\n2\n1\n724\n1\n0\n2\n92\n1\n0\n352\n10\n40\n40\n0\n0\n10\n40\n92\n724\n724\n1\n10\n0\n92\n10\n10', 0, b'1', '2021-03-21 00:35:03', '2021-03-21 00:35:03');
INSERT INTO `pb_problem_case` VALUES (15, 11, '1\nOO|OX\n2\nXO|XO\nOX|OX', 'YES\nNO', 0, b'1', '2021-03-21 00:37:46', '2021-03-21 00:37:46');
INSERT INTO `pb_problem_case` VALUES (16, 11, '1\nOO|OX', 'YES', 0, b'1', '2021-03-21 00:37:46', '2021-03-21 00:37:46');
INSERT INTO `pb_problem_case` VALUES (17, 11, '2\nXO|XO\nOX|OX', 'NO', 0, b'1', '2021-03-21 00:37:46', '2021-03-21 00:37:46');
INSERT INTO `pb_problem_case` VALUES (18, 11, '3\nXO|XO\nXO|XO\nXO|XO', 'NO', 0, b'1', '2021-03-21 00:37:46', '2021-03-21 00:37:46');
INSERT INTO `pb_problem_case` VALUES (19, 12, '517854\n852346\n679013\n5706\n142653\n780571\n21168\n183201\n706271\n145208\n529075\n507984\n729642\n950807\n674484\n332620\n649795\n369473\n838520\n960874\n878931\n507943\n790359\n44919\n674875\n0\n', '6267063\n7431745\n5347523\n9698569\n5842340\n9321490\n3077487\n6376160\n6959743\n455098\n2895380\n360406\n4795017\n7449896\n399944\n3670447\n8072870\n2297750\n8318339\n3308274\n1426450\n3722785\n9019298\n4125886\n3605405\n', 0, b'1', '2021-03-21 00:40:26', '2021-03-21 00:40:26');
INSERT INTO `pb_problem_case` VALUES (20, 12, '616202\n890988\n709365\n802330\n87977\n439906\n329772\n22633\n818450\n132482\n354064\n499181\n526285\n777542\n363498\n959691\n471307\n114827\n186454\n129163\n32186\n114321\n344139\n10589\n438206\n391019\n746666\n704170\n351075\n819579\n295245\n664347\n669495\n433574\n601896\n937509\n620497\n29027\n625935\n899331\n236748\n386740\n625594\n855186\n975200\n80382\n336592\n872176\n344660\n483101\n395579\n681882\n247202\n999785\n489950\n369907\n809483\n81619\n554996\n851845\n526271\n371584\n310963\n862321\n131685\n877815\n832789\n813971\n211017\n563109\n820883\n809678\n0\n', '4550268\n6213371\n6327464\n7114800\n3286832\n1436199\n7676302\n5645594\n5018763\n1909654\n777360\n1472028\n1485425\n2177774\n451668\n9777610\n3327501\n8185858\n5007535\n356681\n6222320\n7570548\n8832203\n2063701\n6224339\n5299534\n6436740\n7135611\n6564039\n8456790\n8816187\n4033703\n7407647\n806255\n7943443\n3117093\n4674944\n4292639\n6106501\n2815833\n9450411\n3582523\n4406448\n4800198\n5644484\n8548277\n8003365\n1028104\n6112800\n7964633\n9558974\n9765659\n3490825\n6298304\n801136\n5486732\n2101330\n6357692\n2378067\n8939564\n1887732\n9982857\n8644321\n4468895\n4927034\n4597649\n3504538\n5064949\n5653384\n5898875\n8640198\n7835655\n', 0, b'1', '2021-03-21 00:40:26', '2021-03-21 00:40:26');

-- ----------------------------
-- Table structure for pb_problem_count
-- ----------------------------
DROP TABLE IF EXISTS `pb_problem_count`;
CREATE TABLE `pb_problem_count`  (
  `id` bigint(20) UNSIGNED NOT NULL AUTO_INCREMENT COMMENT '题目统计表主键',
  `pid` bigint(20) NOT NULL COMMENT '题目表主键',
  `total` int(11) NULL DEFAULT 0 COMMENT '总次数',
  `accept` int(11) NULL DEFAULT 0 COMMENT '通过次数',
  `version` bigint(20) NULL DEFAULT 0 COMMENT '版本号',
  `create_time` datetime(0) NULL DEFAULT NULL,
  `modify_time` datetime(0) NULL DEFAULT NULL,
  PRIMARY KEY (`id`) USING BTREE,
  UNIQUE INDEX `uniq_pid`(`pid`) USING BTREE COMMENT '题目ID唯一索引'
) ENGINE = InnoDB AUTO_INCREMENT = 5 CHARACTER SET = utf8 COLLATE = utf8_general_ci ROW_FORMAT = Dynamic;

-- ----------------------------
-- Records of pb_problem_count
-- ----------------------------
INSERT INTO `pb_problem_count` VALUES (1, 1, 23, 14, 1, '2021-03-08 16:32:33', '2021-03-27 15:20:21');
INSERT INTO `pb_problem_count` VALUES (2, 2, 16, 7, 0, '2021-03-08 16:34:01', '2021-03-24 23:08:39');
INSERT INTO `pb_problem_count` VALUES (3, 3, 4, 3, 1, '2021-03-08 16:34:20', '2021-03-27 13:42:11');
INSERT INTO `pb_problem_count` VALUES (4, 4, 0, 0, 0, '2021-03-08 16:34:30', '2021-03-26 20:57:45');

-- ----------------------------
-- Table structure for pb_problems_tags
-- ----------------------------
DROP TABLE IF EXISTS `pb_problems_tags`;
CREATE TABLE `pb_problems_tags`  (
  `id` bigint(20) UNSIGNED NOT NULL AUTO_INCREMENT COMMENT '主键',
  `pid` bigint(20) UNSIGNED NOT NULL COMMENT '题目表主键',
  `tid` bigint(20) UNSIGNED NOT NULL COMMENT '标签表主键',
  `create_time` datetime(0) NULL DEFAULT NULL,
  `modify_time` datetime(0) NULL DEFAULT NULL,
  PRIMARY KEY (`id`) USING BTREE,
  INDEX `pid`(`pid`) USING BTREE,
  INDEX `tid`(`tid`) USING BTREE
) ENGINE = InnoDB AUTO_INCREMENT = 14 CHARACTER SET = utf8 COLLATE = utf8_general_ci ROW_FORMAT = Dynamic;

-- ----------------------------
-- Records of pb_problems_tags
-- ----------------------------
INSERT INTO `pb_problems_tags` VALUES (1, 2, 1, '2021-03-05 11:23:32', '2021-03-05 11:23:32');
INSERT INTO `pb_problems_tags` VALUES (3, 2, 9, '2021-03-05 12:10:34', '2021-03-05 12:10:34');
INSERT INTO `pb_problems_tags` VALUES (4, 3, 3, '2021-03-05 12:22:55', '2021-03-05 12:22:55');
INSERT INTO `pb_problems_tags` VALUES (6, 5, 10, '2021-03-21 00:12:37', '2021-03-21 00:12:37');
INSERT INTO `pb_problems_tags` VALUES (7, 6, 10, '2021-03-21 00:13:32', '2021-03-21 00:13:32');
INSERT INTO `pb_problems_tags` VALUES (8, 7, 10, '2021-03-21 00:14:46', '2021-03-21 00:14:46');
INSERT INTO `pb_problems_tags` VALUES (9, 8, 10, '2021-03-21 00:15:53', '2021-03-21 00:15:53');
INSERT INTO `pb_problems_tags` VALUES (10, 9, 1, '2021-03-21 00:32:04', '2021-03-21 00:32:04');
INSERT INTO `pb_problems_tags` VALUES (11, 10, 1, '2021-03-21 00:35:03', '2021-03-21 00:35:03');
INSERT INTO `pb_problems_tags` VALUES (12, 11, 1, '2021-03-21 00:37:46', '2021-03-21 00:37:46');
INSERT INTO `pb_problems_tags` VALUES (13, 12, 2, '2021-03-21 00:40:26', '2021-03-21 00:40:26');

-- ----------------------------
-- Table structure for pb_source
-- ----------------------------
DROP TABLE IF EXISTS `pb_source`;
CREATE TABLE `pb_source`  (
  `id` bigint(20) NOT NULL AUTO_INCREMENT COMMENT '来源表主键',
  `name` varchar(255) CHARACTER SET utf8 COLLATE utf8_general_ci NULL DEFAULT NULL COMMENT '来源OJ',
  `create_time` datetime(0) NULL DEFAULT NULL,
  `modify_time` datetime(0) NULL DEFAULT NULL,
  PRIMARY KEY (`id`) USING BTREE
) ENGINE = InnoDB AUTO_INCREMENT = 14 CHARACTER SET = utf8 COLLATE = utf8_general_ci ROW_FORMAT = Dynamic;

-- ----------------------------
-- Records of pb_source
-- ----------------------------
INSERT INTO `pb_source` VALUES (1, 'siseoj', '2021-03-08 01:00:16', '2021-03-08 01:00:28');
INSERT INTO `pb_source` VALUES (2, 'HDU', '2021-03-08 01:00:16', '2021-03-08 01:00:28');
INSERT INTO `pb_source` VALUES (3, 'POJ', '2021-03-08 01:00:16', '2021-03-08 01:00:28');
INSERT INTO `pb_source` VALUES (4, 'UVA', '2021-03-08 01:00:16', '2021-03-08 01:00:28');
INSERT INTO `pb_source` VALUES (5, 'BZOJ', '2021-03-08 01:00:16', '2021-03-08 01:00:28');
INSERT INTO `pb_source` VALUES (6, 'UOJ', '2021-03-08 01:00:16', '2021-03-08 01:00:28');
INSERT INTO `pb_source` VALUES (7, '51nod', '2021-03-08 01:00:16', '2021-03-08 01:00:28');
INSERT INTO `pb_source` VALUES (8, 'codeforces', '2021-03-08 01:00:16', '2021-03-08 01:00:28');
INSERT INTO `pb_source` VALUES (9, 'Topcoder', '2021-03-08 01:00:16', '2021-03-08 01:00:28');
INSERT INTO `pb_source` VALUES (10, 'SPOJ', '2021-03-08 01:00:16', '2021-03-08 01:00:28');
INSERT INTO `pb_source` VALUES (11, 'leetcode', '2021-03-08 01:00:16', '2021-03-08 01:00:28');
INSERT INTO `pb_source` VALUES (12, 'ZOJ', '2021-03-08 01:00:16', '2021-03-08 01:00:28');
INSERT INTO `pb_source` VALUES (13, '洛谷', '2021-03-08 01:00:16', '2021-03-08 01:00:28');

-- ----------------------------
-- Table structure for pb_tag
-- ----------------------------
DROP TABLE IF EXISTS `pb_tag`;
CREATE TABLE `pb_tag`  (
  `id` bigint(20) NOT NULL AUTO_INCREMENT COMMENT '标签表主键',
  `name` varchar(255) CHARACTER SET utf8 COLLATE utf8_general_ci NOT NULL COMMENT '标签名称',
  `create_time` datetime(0) NULL DEFAULT NULL COMMENT '创建时间',
  `modify_time` datetime(0) NULL DEFAULT NULL COMMENT '修改时间',
  PRIMARY KEY (`id`) USING BTREE
) ENGINE = InnoDB AUTO_INCREMENT = 11 CHARACTER SET = utf8 COLLATE = utf8_general_ci ROW_FORMAT = Dynamic;

-- ----------------------------
-- Records of pb_tag
-- ----------------------------
INSERT INTO `pb_tag` VALUES (1, '模拟', '2021-02-04 14:04:45', '2021-02-21 15:15:45');
INSERT INTO `pb_tag` VALUES (2, '递推', '2021-02-04 14:04:45', '2021-03-05 09:53:09');
INSERT INTO `pb_tag` VALUES (3, '动态规划', '2021-02-04 14:04:45', '2021-03-05 09:53:12');
INSERT INTO `pb_tag` VALUES (4, '字符串', '2021-02-04 14:04:45', '2021-03-05 09:53:14');
INSERT INTO `pb_tag` VALUES (9, '数论', '2021-03-05 12:10:33', '2021-03-05 12:10:33');
INSERT INTO `pb_tag` VALUES (10, 'DP', '2021-03-21 00:12:37', '2021-03-21 00:12:37');

-- ----------------------------
-- Table structure for pb_user_problem_solved
-- ----------------------------
DROP TABLE IF EXISTS `pb_user_problem_solved`;
CREATE TABLE `pb_user_problem_solved`  (
  `id` bigint(20) NOT NULL COMMENT '用户表主键',
  `pid` bigint(20) NOT NULL COMMENT '题目表主键',
  `attempt_count` int(10) UNSIGNED ZEROFILL NULL DEFAULT NULL COMMENT '尝试次数',
  `accept_count` int(10) UNSIGNED ZEROFILL NULL DEFAULT NULL COMMENT '通过次数',
  `solved` tinyint(4) NULL DEFAULT NULL COMMENT '是否解决：0：未解决，1：解决，2，尝试',
  PRIMARY KEY (`id`, `pid`) USING BTREE
) ENGINE = InnoDB CHARACTER SET = utf8 COLLATE = utf8_general_ci ROW_FORMAT = Dynamic;

-- ----------------------------
-- Table structure for sys_menu
-- ----------------------------
DROP TABLE IF EXISTS `sys_menu`;
CREATE TABLE `sys_menu`  (
  `id` bigint(20) NOT NULL AUTO_INCREMENT COMMENT 'ID',
  `pid` bigint(20) NULL DEFAULT NULL COMMENT '上级菜单ID',
  `sub_count` int(11) NULL DEFAULT 0 COMMENT '子菜单数目',
  `type` int(11) NULL DEFAULT NULL COMMENT '菜单类型',
  `title` varchar(255) CHARACTER SET utf8 COLLATE utf8_general_ci NULL DEFAULT NULL COMMENT '菜单标题',
  `name` varchar(255) CHARACTER SET utf8 COLLATE utf8_general_ci NULL DEFAULT NULL COMMENT '组件名称',
  `component` varchar(255) CHARACTER SET utf8 COLLATE utf8_general_ci NULL DEFAULT NULL COMMENT '组件',
  `menu_sort` int(11) NULL DEFAULT NULL COMMENT '排序',
  `icon` varchar(255) CHARACTER SET utf8 COLLATE utf8_general_ci NULL DEFAULT NULL COMMENT '图标',
  `path` varchar(255) CHARACTER SET utf8 COLLATE utf8_general_ci NULL DEFAULT NULL COMMENT '链接地址',
  `i_frame` bit(1) NULL DEFAULT NULL COMMENT '是否外链',
  `cache` bit(1) NULL DEFAULT b'0' COMMENT '缓存',
  `hidden` bit(1) NULL DEFAULT b'0' COMMENT '隐藏',
  `permission` varchar(255) CHARACTER SET utf8 COLLATE utf8_general_ci NULL DEFAULT NULL COMMENT '权限',
  `create_time` datetime(0) NULL DEFAULT NULL COMMENT '创建日期',
  `modify_time` datetime(0) NULL DEFAULT NULL COMMENT '更新时间',
  PRIMARY KEY (`id`) USING BTREE,
  UNIQUE INDEX `uniq_title`(`title`) USING BTREE,
  UNIQUE INDEX `uniq_name`(`name`) USING BTREE,
  INDEX `nx_pid`(`pid`) USING BTREE
) ENGINE = InnoDB AUTO_INCREMENT = 14 CHARACTER SET = utf8 COLLATE = utf8_general_ci COMMENT = '系统菜单' ROW_FORMAT = Compact;

-- ----------------------------
-- Records of sys_menu
-- ----------------------------
INSERT INTO `sys_menu` VALUES (1, NULL, 3, 0, '系统管理', NULL, NULL, 1, 'system', 'system', b'0', b'0', b'0', NULL, '2021-03-08 02:26:51', '2021-03-08 02:26:53');
INSERT INTO `sys_menu` VALUES (2, 1, 3, 1, '用户管理', 'User', 'system/user/index', NULL, 'peoples', 'user', NULL, b'0', b'0', 'user:list', '2021-03-08 02:28:36', '2021-03-08 02:28:38');
INSERT INTO `sys_menu` VALUES (3, 1, 3, 1, '角色管理', 'Role', 'system/role/index', NULL, 'role', 'role', NULL, b'0', b'0', 'role:list', '2021-03-08 02:29:28', '2021-03-08 02:29:30');
INSERT INTO `sys_menu` VALUES (4, 1, 3, 1, '菜单管理', 'Menu', 'system/menu/index', NULL, 'menu', 'menu', NULL, b'0', b'0', 'menu:list', '2021-03-08 02:29:32', '2021-03-08 02:29:34');
INSERT INTO `sys_menu` VALUES (5, NULL, 3, 0, '题库管理', NULL, NULL, NULL, NULL, NULL, NULL, b'0', b'0', '', NULL, NULL);
INSERT INTO `sys_menu` VALUES (6, 5, 3, 1, '题目管理', 'Problem', NULL, NULL, NULL, NULL, NULL, b'0', b'0', 'problem:list', NULL, NULL);
INSERT INTO `sys_menu` VALUES (7, 5, 3, 1, '标签管理', 'Tag', NULL, NULL, NULL, NULL, NULL, b'0', b'0', 'tag:list', NULL, NULL);
INSERT INTO `sys_menu` VALUES (8, 5, 3, 1, '来源管理', 'Source', NULL, NULL, NULL, NULL, NULL, b'0', b'0', 'source:list', NULL, NULL);
INSERT INTO `sys_menu` VALUES (9, NULL, 1, 0, '比赛管理', NULL, NULL, NULL, NULL, NULL, NULL, b'0', b'0', NULL, NULL, NULL);
INSERT INTO `sys_menu` VALUES (10, 9, 3, 1, '普通模式', NULL, NULL, NULL, NULL, NULL, NULL, b'0', b'0', NULL, NULL, NULL);
INSERT INTO `sys_menu` VALUES (11, 6, 0, 2, '题目新增', NULL, NULL, NULL, NULL, NULL, NULL, b'0', b'0', 'problem:add', NULL, NULL);
INSERT INTO `sys_menu` VALUES (12, 6, 0, 2, '题目编辑', NULL, NULL, NULL, NULL, NULL, NULL, b'0', b'0', 'problem:edit', NULL, NULL);
INSERT INTO `sys_menu` VALUES (13, 6, 0, 2, '题目删除', NULL, NULL, NULL, NULL, NULL, NULL, b'0', b'0', 'problem:del', NULL, NULL);

-- ----------------------------
-- Table structure for sys_permission
-- ----------------------------
DROP TABLE IF EXISTS `sys_permission`;
CREATE TABLE `sys_permission`  (
  `id` bigint(20) UNSIGNED NOT NULL AUTO_INCREMENT COMMENT '权限表主键',
  `name` varchar(100) CHARACTER SET utf8 COLLATE utf8_general_ci NULL DEFAULT NULL COMMENT '权限名称',
  `permission` varchar(100) CHARACTER SET utf8 COLLATE utf8_general_ci NULL DEFAULT NULL COMMENT '权限字符串',
  `status` bit(1) NULL DEFAULT NULL COMMENT '是否可用，0：不可用，1：可用',
  `create_time` datetime(0) NULL DEFAULT NULL COMMENT '创建时间',
  `modify_time` datetime(0) NULL DEFAULT NULL COMMENT '修改时间',
  PRIMARY KEY (`id`) USING BTREE
) ENGINE = InnoDB AUTO_INCREMENT = 4 CHARACTER SET = utf8 COLLATE = utf8_general_ci ROW_FORMAT = Dynamic;

-- ----------------------------
-- Records of sys_permission
-- ----------------------------
INSERT INTO `sys_permission` VALUES (1, '查询所有题目', 'problem:list', b'1', '2021-02-25 14:43:12', '2021-02-25 14:43:14');
INSERT INTO `sys_permission` VALUES (2, '保存题目', 'problem:save', b'1', '2021-02-25 14:43:34', '2021-02-25 14:43:36');
INSERT INTO `sys_permission` VALUES (3, '更新题目', 'problem:update', b'1', '2021-03-01 11:10:13', '2021-03-01 11:10:16');
INSERT INTO `sys_permission` VALUES (4, '删除题目', 'problem:del', b'1', '2021-03-01 11:11:02', '2021-03-01 11:11:04');

-- ----------------------------
-- Table structure for sys_role
-- ----------------------------
DROP TABLE IF EXISTS `sys_role`;
CREATE TABLE `sys_role`  (
  `id` bigint(20) NOT NULL AUTO_INCREMENT COMMENT '主键',
  `name` varchar(255) CHARACTER SET utf8 COLLATE utf8_general_ci NOT NULL COMMENT '角色名称',
  `description` varchar(255) CHARACTER SET utf8 COLLATE utf8_general_ci NULL DEFAULT NULL COMMENT '角色描述',
  `create_time` datetime(0) NULL DEFAULT NULL COMMENT '创建时间',
  `modify_time` datetime(0) NULL DEFAULT NULL COMMENT '修改时间',
  PRIMARY KEY (`id`) USING BTREE
) ENGINE = InnoDB AUTO_INCREMENT = 4 CHARACTER SET = utf8 COLLATE = utf8_general_ci ROW_FORMAT = Dynamic;

-- ----------------------------
-- Records of sys_role
-- ----------------------------
INSERT INTO `sys_role` VALUES (1, 'admin', '普通管理员', '2020-12-20 22:40:55', '2020-12-20 22:40:59');
INSERT INTO `sys_role` VALUES (3, 'contest', '比赛管理角色', '2021-03-07 14:32:22', '2021-03-07 14:32:22');

-- ----------------------------
-- Table structure for sys_roles_menus
-- ----------------------------
DROP TABLE IF EXISTS `sys_roles_menus`;
CREATE TABLE `sys_roles_menus`  (
  `menu_id` bigint(20) NOT NULL COMMENT '菜单ID',
  `role_id` bigint(20) NOT NULL COMMENT '角色ID',
  PRIMARY KEY (`menu_id`, `role_id`) USING BTREE
) ENGINE = InnoDB CHARACTER SET = utf8 COLLATE = utf8_general_ci ROW_FORMAT = Dynamic;

-- ----------------------------
-- Records of sys_roles_menus
-- ----------------------------
INSERT INTO `sys_roles_menus` VALUES (1, 1);
INSERT INTO `sys_roles_menus` VALUES (2, 1);
INSERT INTO `sys_roles_menus` VALUES (3, 1);
INSERT INTO `sys_roles_menus` VALUES (4, 1);
INSERT INTO `sys_roles_menus` VALUES (5, 1);
INSERT INTO `sys_roles_menus` VALUES (6, 1);
INSERT INTO `sys_roles_menus` VALUES (7, 1);
INSERT INTO `sys_roles_menus` VALUES (8, 1);
INSERT INTO `sys_roles_menus` VALUES (9, 1);
INSERT INTO `sys_roles_menus` VALUES (10, 1);
INSERT INTO `sys_roles_menus` VALUES (11, 1);
INSERT INTO `sys_roles_menus` VALUES (12, 1);
INSERT INTO `sys_roles_menus` VALUES (13, 1);

-- ----------------------------
-- Table structure for sys_roles_permissions
-- ----------------------------
DROP TABLE IF EXISTS `sys_roles_permissions`;
CREATE TABLE `sys_roles_permissions`  (
  `role_id` bigint(20) UNSIGNED NOT NULL COMMENT '角色表外键',
  `permission_id` bigint(20) UNSIGNED NOT NULL COMMENT '权限表外键',
  PRIMARY KEY (`role_id`, `permission_id`) USING BTREE
) ENGINE = InnoDB CHARACTER SET = utf8 COLLATE = utf8_general_ci ROW_FORMAT = Dynamic;

-- ----------------------------
-- Records of sys_roles_permissions
-- ----------------------------
INSERT INTO `sys_roles_permissions` VALUES (1, 1);
INSERT INTO `sys_roles_permissions` VALUES (1, 2);
INSERT INTO `sys_roles_permissions` VALUES (1, 3);
INSERT INTO `sys_roles_permissions` VALUES (1, 4);

-- ----------------------------
-- Table structure for sys_user
-- ----------------------------
DROP TABLE IF EXISTS `sys_user`;
CREATE TABLE `sys_user`  (
  `id` bigint(20) NOT NULL AUTO_INCREMENT COMMENT '主键',
  `nickname` varchar(100) CHARACTER SET utf8 COLLATE utf8_general_ci NULL DEFAULT NULL COMMENT '昵称',
  `username` varchar(100) CHARACTER SET utf8 COLLATE utf8_general_ci NOT NULL COMMENT '用户名',
  `is_admin` bit(1) NULL DEFAULT b'0' COMMENT '是否管理员，默认不是',
  `password` varchar(100) CHARACTER SET utf8 COLLATE utf8_general_ci NOT NULL COMMENT '密码',
  `gender` tinyint(4) NULL DEFAULT NULL COMMENT '性别，0保密、1男、2女',
  `email` varchar(255) CHARACTER SET utf8 COLLATE utf8_general_ci NULL DEFAULT NULL COMMENT '邮箱',
  `phone` varchar(32) CHARACTER SET utf8 COLLATE utf8_general_ci NULL DEFAULT NULL COMMENT '手机号',
  `motto` text CHARACTER SET utf8 COLLATE utf8_general_ci NULL COMMENT '个性签名',
  `school` varchar(100) CHARACTER SET utf8 COLLATE utf8_general_ci NULL DEFAULT NULL COMMENT '学校',
  `course` varchar(100) CHARACTER SET utf8 COLLATE utf8_general_ci NULL DEFAULT NULL COMMENT '专业',
  `github` varchar(255) CHARACTER SET utf8 COLLATE utf8_general_ci NULL DEFAULT NULL COMMENT 'github地址',
  `blog` varchar(255) CHARACTER SET utf8 COLLATE utf8_general_ci NULL DEFAULT NULL COMMENT '博客地址',
  `avatar` varchar(255) CHARACTER SET utf8 COLLATE utf8_general_ci NULL DEFAULT NULL COMMENT '头像地址',
  `enabled` bit(1) NOT NULL COMMENT '状态：1启用、0禁用',
  `last_login_time` datetime(0) NULL DEFAULT NULL COMMENT '最后一次登录时间',
  `unlock_time` datetime(0) NULL DEFAULT NULL COMMENT '解锁时间',
  `login_fail_count` tinyint(4) NULL DEFAULT NULL COMMENT '登录失败次数',
  `create_time` datetime(0) NULL DEFAULT NULL COMMENT '创建时间',
  `modify_time` datetime(0) NULL DEFAULT NULL COMMENT '修改时间',
  PRIMARY KEY (`id`) USING BTREE,
  UNIQUE INDEX `uniq_username`(`username`) USING BTREE COMMENT '用户名唯一索引'
) ENGINE = InnoDB AUTO_INCREMENT = 6 CHARACTER SET = utf8 COLLATE = utf8_general_ci ROW_FORMAT = Dynamic;

-- ----------------------------
-- Records of sys_user
-- ----------------------------
INSERT INTO `sys_user` VALUES (1, 'root', 'root', b'1', '$2a$10$rh7XO.20V3ZVaUyyCTH39u0kNeWL230gZ70tiJOsjjqYASomQPuz2', 0, 'saykuray@foxmail.com', '88888888888', '世界那么大，我想去看看~', '广州软件学院', '网络工程', NULL, NULL, 'http://localhost:8080/avatar/1.jpg', b'1', NULL, NULL, NULL, '2020-11-16 22:11:33', '2021-03-27 22:44:57');
INSERT INTO `sys_user` VALUES (2, '管理员', 'admin1', b'1', '$2a$10$xOvnS0d8MsoMFyavUwE0M.NF0kJOWUyoRzTAKfLSnC1I5BQVB039O', 0, 'admin1@qq.com', '33333333333', '啊啊啊啊啊啊啊啊啊啊啊啊啊啊啊啊啊啊啊啊啊啊啊啊啊啊啊啊啊啊啊啊啊啊啊啊啊啊啊啊啊啊啊啊啊啊啊啊啊啊啊啊啊啊啊啊啊啊啊啊啊啊啊啊啊啊啊啊啊啊啊啊啊啊啊啊啊啊啊啊啊啊啊啊', '', '', '', '', 'http://localhost:8080/avatar/1.jpg', b'1', NULL, NULL, NULL, '2021-02-25 15:05:28', '2021-03-07 14:49:19');
INSERT INTO `sys_user` VALUES (3, '管理员2', 'admin2', b'0', '$2a$10$r4.C6auorb9hmBNTKISLeejGlCQFpUZnDGIZhKYa6HXdYTmULsY8y', 1, '2222@qq.com', '11111111111', '', '', '', '', '', 'http://localhost:8080/avatar/1.jpg', b'1', NULL, NULL, NULL, '2021-03-07 10:50:38', '2021-03-07 14:06:32');
INSERT INTO `sys_user` VALUES (4, '测试1', 'test1', b'0', '$2a$10$r4.C6auorb9hmBNTKISLeejGlCQFpUZnDGIZhKYa6HXdYTmULsY8y', 1, 'test1@qq.com', NULL, NULL, NULL, NULL, NULL, NULL, 'http://localhost:8080/avatar/1.jpg', b'1', NULL, NULL, NULL, '2021-03-08 11:07:14', '2021-03-08 11:07:14');
INSERT INTO `sys_user` VALUES (5, '测试用户2', 'test2', b'0', '$2a$10$Wy64IsOnHtfW6OzTWDfLyeNlUoba3UB37hSylqqA4fNMKEuzHqtG6', 1, 'test2@qq.com', NULL, NULL, NULL, NULL, NULL, NULL, NULL, b'1', NULL, NULL, NULL, '2021-03-24 21:09:48', '2021-03-24 21:09:48');

-- ----------------------------
-- Table structure for sys_user_accept
-- ----------------------------
DROP TABLE IF EXISTS `sys_user_accept`;
CREATE TABLE `sys_user_accept`  (
  `id` bigint(20) UNSIGNED NOT NULL AUTO_INCREMENT COMMENT '用户通过题目表',
  `uid` bigint(20) UNSIGNED NOT NULL COMMENT '用户外键',
  `pid` bigint(20) UNSIGNED NOT NULL COMMENT '题目外键',
  `judge_id` bigint(20) UNSIGNED NOT NULL COMMENT '评测外键',
  `create_time` datetime(0) NULL DEFAULT NULL COMMENT '创建时间',
  `modify_time` datetime(0) NULL DEFAULT NULL COMMENT '修改时间',
  PRIMARY KEY (`id`) USING BTREE
) ENGINE = InnoDB AUTO_INCREMENT = 13 CHARACTER SET = utf8 COLLATE = utf8_general_ci ROW_FORMAT = Dynamic;

-- ----------------------------
-- Records of sys_user_accept
-- ----------------------------
INSERT INTO `sys_user_accept` VALUES (1, 1, 2, 13, '2021-03-09 20:06:06', '2021-03-09 20:06:06');
INSERT INTO `sys_user_accept` VALUES (2, 1, 2, 14, '2021-03-09 20:24:51', '2021-03-09 20:24:51');
INSERT INTO `sys_user_accept` VALUES (3, 2, 2, 15, '2021-03-10 03:28:56', '2021-03-10 03:28:56');
INSERT INTO `sys_user_accept` VALUES (4, 2, 2, 16, '2021-03-10 03:30:43', '2021-03-10 03:30:43');
INSERT INTO `sys_user_accept` VALUES (5, 1, 1, 17, '2021-03-15 14:35:36', '2021-03-15 14:35:36');
INSERT INTO `sys_user_accept` VALUES (6, 1, 1, 18, '2021-03-15 14:37:59', '2021-03-15 14:37:59');
INSERT INTO `sys_user_accept` VALUES (7, 1, 2, 19, '2021-03-15 14:41:31', '2021-03-15 14:41:31');
INSERT INTO `sys_user_accept` VALUES (8, 1, 2, 20, '2021-03-15 14:43:17', '2021-03-15 14:43:17');
INSERT INTO `sys_user_accept` VALUES (9, 1, 2, 21, '2021-03-15 14:45:05', '2021-03-15 14:45:05');
INSERT INTO `sys_user_accept` VALUES (10, 1, 1, 25, '2021-03-20 15:27:33', '2021-03-20 15:27:33');
INSERT INTO `sys_user_accept` VALUES (11, 1, 1, 26, '2021-03-20 15:28:04', '2021-03-20 15:28:04');
INSERT INTO `sys_user_accept` VALUES (12, 5, 1, 44, '2021-03-27 15:20:21', '2021-03-27 15:20:21');

-- ----------------------------
-- Table structure for sys_user_record
-- ----------------------------
DROP TABLE IF EXISTS `sys_user_record`;
CREATE TABLE `sys_user_record`  (
  `id` bigint(20) UNSIGNED NOT NULL AUTO_INCREMENT COMMENT '用户记录表主键',
  `uid` bigint(20) NOT NULL COMMENT '用户表主键',
  `submissions` int(11) NULL DEFAULT 0 COMMENT '总提交数',
  `rating` int(11) NULL DEFAULT 0 COMMENT 'rank分数',
  `create_time` datetime(0) NULL DEFAULT NULL COMMENT '创建时间',
  `modify_time` datetime(0) NULL DEFAULT NULL COMMENT '修改时间',
  PRIMARY KEY (`id`, `uid`) USING BTREE
) ENGINE = InnoDB AUTO_INCREMENT = 6 CHARACTER SET = utf8 COLLATE = utf8_general_ci ROW_FORMAT = Dynamic;

-- ----------------------------
-- Records of sys_user_record
-- ----------------------------
INSERT INTO `sys_user_record` VALUES (1, 1, 23, 100, '2021-03-09 16:32:48', '2021-03-09 16:32:51');
INSERT INTO `sys_user_record` VALUES (2, 2, 2, 50, '2021-03-09 16:32:56', '2021-03-10 03:30:43');
INSERT INTO `sys_user_record` VALUES (3, 3, 0, 0, '2021-03-09 16:33:02', '2021-03-09 16:33:04');
INSERT INTO `sys_user_record` VALUES (4, 4, 0, 0, '2021-03-09 16:33:09', '2021-03-09 16:33:12');
INSERT INTO `sys_user_record` VALUES (5, 5, 2, 0, '2021-03-24 21:09:48', '2021-03-24 21:09:48');

-- ----------------------------
-- Table structure for sys_users_roles
-- ----------------------------
DROP TABLE IF EXISTS `sys_users_roles`;
CREATE TABLE `sys_users_roles`  (
  `user_id` bigint(20) NOT NULL COMMENT '用户信息表主键',
  `role_id` bigint(20) NOT NULL COMMENT '角色表主键',
  PRIMARY KEY (`user_id`, `role_id`) USING BTREE
) ENGINE = InnoDB CHARACTER SET = utf8 COLLATE = utf8_general_ci ROW_FORMAT = Dynamic;

-- ----------------------------
-- Records of sys_users_roles
-- ----------------------------
INSERT INTO `sys_users_roles` VALUES (2, 1);

-- ----------------------------
-- Table structure for tool_email_config
-- ----------------------------
DROP TABLE IF EXISTS `tool_email_config`;
CREATE TABLE `tool_email_config`  (
  `id` bigint(20) UNSIGNED NOT NULL AUTO_INCREMENT COMMENT '主键',
  `host` varchar(255) CHARACTER SET utf8 COLLATE utf8_general_ci NULL DEFAULT NULL COMMENT '邮件服务器SMTP地址',
  `port` varchar(255) CHARACTER SET utf8 COLLATE utf8_general_ci NULL DEFAULT NULL COMMENT '邮件服务器SMTP端口',
  `user` varchar(255) CHARACTER SET utf8 COLLATE utf8_general_ci NULL DEFAULT NULL COMMENT '发件者用户名',
  `password` varchar(255) CHARACTER SET utf8 COLLATE utf8_general_ci NULL DEFAULT NULL COMMENT '密码',
  `from_user` varchar(255) CHARACTER SET utf8 COLLATE utf8_general_ci NULL DEFAULT NULL COMMENT '收件人',
  PRIMARY KEY (`id`) USING BTREE
) ENGINE = InnoDB AUTO_INCREMENT = 1 CHARACTER SET = utf8 COLLATE = utf8_general_ci ROW_FORMAT = Dynamic;

-- ----------------------------
-- Records of tool_email_config
-- ----------------------------
INSERT INTO `tool_email_config` VALUES (1, 'smtp.qq.com', '465', 'saykuray@qq.com', 'vmjpsysytpdweagg', NULL);

SET FOREIGN_KEY_CHECKS = 1;
